time,turbidity,conductance,temp_c,do_mg_l,ph,trumbull_cfs,event
2024-08-03 07:15:00-06:00,3.1,246.0,13.2,9.0,8.0,304.0,"Aug 6, 2024"
2024-08-03 07:30:00-06:00,3.1,246.0,13.1,9.0,8.0,304.0,"Aug 6, 2024"
2024-08-03 07:45:00-06:00,3.0,246.0,13.0,9.0,8.0,304.0,"Aug 6, 2024"
2024-08-03 08:00:00-06:00,2.9,245.0,12.9,9.0,8.0,304.0,"Aug 6, 2024"
2024-08-03 08:15:00-06:00,3.0,245.0,12.8,9.1,8.0,304.0,"Aug 6, 2024"
2024-08-03 08:30:00-06:00,3.2,245.0,12.7,9.1,8.0,304.0,"Aug 6, 2024"
2024-08-03 08:45:00-06:00,2.9,245.0,12.7,9.1,8.0,304.0,"Aug 6, 2024"
2024-08-03 09:00:00-06:00,3.3,245.0,12.6,9.1,8.0,304.0,"Aug 6, 2024"
2024-08-03 09:15:00-06:00,3.2,245.0,12.6,9.1,8.0,304.0,"Aug 6, 2024"
2024-08-03 09:30:00-06:00,3.0,245.0,12.6,9.1,8.0,304.0,"Aug 6, 2024"
2024-08-03 09:45:00-06:00,3.0,245.0,12.7,9.1,8.1,304.0,"Aug 6, 2024"
2024-08-03 10:00:00-06:00,2.8,245.0,12.8,9.1,8.1,304.0,"Aug 6, 2024"
2024-08-03 10:15:00-06:00,3.0,244.0,12.9,9.1,8.1,304.0,"Aug 6, 2024"
2024-08-03 10:30:00-06:00,2.9,244.0,13.0,9.1,8.1,304.0,"Aug 6, 2024"
2024-08-03 10:45:00-06:00,2.9,244.0,13.1,9.0,8.1,304.0,"Aug 6, 2024"
2024-08-03 11:00:00-06:00,2.9,244.0,13.3,9.0,8.1,304.0,"Aug 6, 2024"
2024-08-03 11:15:00-06:00,3.2,244.0,13.4,9.0,8.1,304.0,"Aug 6, 2024"
2024-08-03 11:30:00-06:00,3.0,244.0,13.6,8.9,8.1,304.0,"Aug 6, 2024"
2024-08-03 11:45:00-06:00,2.9,244.0,13.8,8.9,8.1,300.0,"Aug 6, 2024"
2024-08-03 12:00:00-06:00,2.9,244.0,14.0,8.9,8.1,304.0,"Aug 6, 2024"
2024-08-03 12:15:00-06:00,2.7,244.0,14.2,8.8,8.2,304.0,"Aug 6, 2024"
2024-08-03 12:30:00-06:00,2.9,243.0,14.4,8.8,8.2,304.0,"Aug 6, 2024"
2024-08-03 12:45:00-06:00,3.0,243.0,14.6,8.7,8.2,304.0,"Aug 6, 2024"
2024-08-03 13:00:00-06:00,2.8,243.0,14.8,8.7,8.2,304.0,"Aug 6, 2024"
2024-08-03 13:15:00-06:00,2.8,243.0,15.0,8.7,8.2,304.0,"Aug 6, 2024"
2024-08-03 13:30:00-06:00,3.0,243.0,15.2,8.6,8.2,304.0,"Aug 6, 2024"
2024-08-03 13:45:00-06:00,2.9,243.0,15.5,8.6,8.2,304.0,"Aug 6, 2024"
2024-08-03 14:00:00-06:00,2.9,242.0,15.7,8.6,8.2,304.0,"Aug 6, 2024"
2024-08-03 14:15:00-06:00,3.2,242.0,15.9,8.5,8.2,300.0,"Aug 6, 2024"
2024-08-03 14:30:00-06:00,2.8,242.0,16.1,8.4,8.3,304.0,"Aug 6, 2024"
2024-08-03 14:45:00-06:00,2.9,242.0,16.4,8.4,8.3,304.0,"Aug 6, 2024"
2024-08-03 15:00:00-06:00,2.8,241.0,16.6,8.4,8.3,304.0,"Aug 6, 2024"
2024-08-03 15:15:00-06:00,2.9,241.0,16.8,8.4,8.3,300.0,"Aug 6, 2024"
2024-08-03 15:30:00-06:00,3.0,241.0,17.0,8.3,8.3,300.0,"Aug 6, 2024"
2024-08-03 15:45:00-06:00,2.8,240.0,17.1,8.3,8.3,300.0,"Aug 6, 2024"
2024-08-03 16:00:00-06:00,2.9,240.0,17.3,8.3,8.3,300.0,"Aug 6, 2024"
2024-08-03 16:15:00-06:00,3.0,241.0,17.4,8.2,8.3,300.0,"Aug 6, 2024"
2024-08-03 16:30:00-06:00,3.0,241.0,17.5,8.2,8.3,300.0,"Aug 6, 2024"
2024-08-03 16:45:00-06:00,2.9,241.0,17.6,8.2,8.3,300.0,"Aug 6, 2024"
2024-08-03 17:00:00-06:00,2.7,241.0,17.6,8.2,8.4,300.0,"Aug 6, 2024"
2024-08-03 17:15:00-06:00,2.8,242.0,17.7,8.1,8.4,300.0,"Aug 6, 2024"
2024-08-03 17:30:00-06:00,2.8,242.0,17.7,8.1,8.4,300.0,"Aug 6, 2024"
2024-08-03 17:45:00-06:00,2.7,242.0,17.7,8.1,8.4,300.0,"Aug 6, 2024"
2024-08-03 18:00:00-06:00,2.8,242.0,17.7,8.1,8.4,300.0,"Aug 6, 2024"
2024-08-03 18:15:00-06:00,3.0,242.0,17.7,8.1,8.4,300.0,"Aug 6, 2024"
2024-08-03 18:30:00-06:00,2.8,242.0,17.7,8.1,8.4,300.0,"Aug 6, 2024"
2024-08-03 18:45:00-06:00,2.9,241.0,17.6,8.1,8.4,300.0,"Aug 6, 2024"
2024-08-03 19:00:00-06:00,2.7,241.0,17.6,8.1,8.4,300.0,"Aug 6, 2024"
2024-08-03 19:15:00-06:00,2.9,241.0,17.6,8.1,8.4,300.0,"Aug 6, 2024"
2024-08-03 19:30:00-06:00,2.9,240.0,17.6,8.1,8.4,300.0,"Aug 6, 2024"
2024-08-03 19:45:00-06:00,2.7,240.0,17.5,8.1,8.4,300.0,"Aug 6, 2024"
2024-08-03 20:00:00-06:00,2.7,240.0,17.5,8.1,8.4,300.0,"Aug 6, 2024"
2024-08-03 20:15:00-06:00,2.9,240.0,17.4,8.1,8.5,300.0,"Aug 6, 2024"
2024-08-03 20:30:00-06:00,2.8,240.0,17.4,8.2,8.5,300.0,"Aug 6, 2024"
2024-08-03 20:45:00-06:00,3.1,241.0,17.3,8.2,8.4,300.0,"Aug 6, 2024"
2024-08-03 21:00:00-06:00,2.6,241.0,17.3,8.2,8.4,300.0,"Aug 6, 2024"
2024-08-03 21:15:00-06:00,2.6,241.0,17.2,8.2,8.4,300.0,"Aug 6, 2024"
2024-08-03 21:30:00-06:00,2.9,241.0,17.2,8.2,8.4,300.0,"Aug 6, 2024"
2024-08-03 21:45:00-06:00,2.8,240.0,17.1,8.2,8.4,300.0,"Aug 6, 2024"
2024-08-03 22:00:00-06:00,2.6,240.0,17.0,8.2,8.4,300.0,"Aug 6, 2024"
2024-08-03 22:15:00-06:00,2.8,239.0,16.9,8.2,8.4,300.0,"Aug 6, 2024"
2024-08-03 22:30:00-06:00,2.7,239.0,16.8,8.3,8.4,300.0,"Aug 6, 2024"
2024-08-03 22:45:00-06:00,2.8,239.0,16.8,8.3,8.4,300.0,"Aug 6, 2024"
2024-08-03 23:00:00-06:00,2.7,239.0,16.7,8.3,8.4,300.0,"Aug 6, 2024"
2024-08-03 23:15:00-06:00,2.9,239.0,16.6,8.3,8.4,300.0,"Aug 6, 2024"
2024-08-03 23:30:00-06:00,2.8,239.0,16.6,8.3,8.4,300.0,"Aug 6, 2024"
2024-08-03 23:45:00-06:00,2.8,239.0,16.5,8.3,8.3,300.0,"Aug 6, 2024"
2024-08-04 00:00:00-06:00,2.9,239.0,16.4,8.3,8.3,300.0,"Aug 6, 2024"
2024-08-04 00:15:00-06:00,2.9,240.0,16.3,8.3,8.3,300.0,"Aug 6, 2024"
2024-08-04 00:30:00-06:00,2.9,240.0,16.3,8.4,8.3,300.0,"Aug 6, 2024"
2024-08-04 00:45:00-06:00,2.8,240.0,16.1,8.4,8.3,300.0,"Aug 6, 2024"
2024-08-04 01:00:00-06:00,3.1,241.0,16.0,8.4,8.3,300.0,"Aug 6, 2024"
2024-08-04 01:15:00-06:00,3.0,241.0,15.9,8.4,8.2,300.0,"Aug 6, 2024"
2024-08-04 01:30:00-06:00,2.8,241.0,15.8,8.4,8.2,300.0,"Aug 6, 2024"
2024-08-04 01:45:00-06:00,3.0,241.0,15.7,8.5,8.2,300.0,"Aug 6, 2024"
2024-08-04 02:00:00-06:00,2.9,241.0,15.6,8.5,8.2,300.0,"Aug 6, 2024"
2024-08-04 02:15:00-06:00,3.0,241.0,15.5,8.5,8.2,300.0,"Aug 6, 2024"
2024-08-04 02:30:00-06:00,3.0,241.0,15.4,8.5,8.1,300.0,"Aug 6, 2024"
2024-08-04 02:45:00-06:00,2.9,241.0,15.3,8.5,8.1,300.0,"Aug 6, 2024"
2024-08-04 03:00:00-06:00,2.8,241.0,15.2,8.5,8.1,304.0,"Aug 6, 2024"
2024-08-04 03:15:00-06:00,2.8,242.0,15.1,8.6,8.1,300.0,"Aug 6, 2024"
2024-08-04 03:30:00-06:00,2.8,242.0,15.0,8.6,8.1,304.0,"Aug 6, 2024"
2024-08-04 03:45:00-06:00,3.0,242.0,14.9,8.6,8.0,304.0,"Aug 6, 2024"
2024-08-04 04:00:00-06:00,3.0,242.0,14.8,8.6,8.0,300.0,"Aug 6, 2024"
2024-08-04 04:15:00-06:00,2.9,243.0,14.7,8.7,8.0,304.0,"Aug 6, 2024"
2024-08-04 04:30:00-06:00,2.9,243.0,14.6,8.7,8.0,300.0,"Aug 6, 2024"
2024-08-04 04:45:00-06:00,3.0,243.0,14.5,8.7,8.0,304.0,"Aug 6, 2024"
2024-08-04 05:00:00-06:00,3.1,243.0,14.4,8.7,8.0,304.0,"Aug 6, 2024"
2024-08-04 05:15:00-06:00,3.0,244.0,14.3,8.7,8.0,300.0,"Aug 6, 2024"
2024-08-04 05:30:00-06:00,2.9,244.0,14.1,8.8,8.0,300.0,"Aug 6, 2024"
2024-08-04 05:45:00-06:00,3.0,244.0,14.0,8.8,8.0,304.0,"Aug 6, 2024"
2024-08-04 06:00:00-06:00,3.0,244.0,13.9,8.8,8.0,304.0,"Aug 6, 2024"
2024-08-04 06:15:00-06:00,3.0,244.0,13.8,8.8,8.0,304.0,"Aug 6, 2024"
2024-08-04 06:30:00-06:00,3.1,244.0,13.6,8.8,8.0,304.0,"Aug 6, 2024"
2024-08-04 06:45:00-06:00,2.9,244.0,13.5,8.9,8.0,304.0,"Aug 6, 2024"
2024-08-04 07:00:00-06:00,3.0,244.0,13.4,8.9,8.0,300.0,"Aug 6, 2024"
2024-08-04 07:15:00-06:00,3.0,244.0,13.3,8.9,8.0,304.0,"Aug 6, 2024"
2024-08-04 07:30:00-06:00,2.9,244.0,13.2,8.9,8.0,304.0,"Aug 6, 2024"
2024-08-04 07:45:00-06:00,2.9,244.0,13.1,9.0,8.0,300.0,"Aug 6, 2024"
2024-08-04 08:00:00-06:00,2.9,244.0,13.0,9.0,8.0,300.0,"Aug 6, 2024"
2024-08-04 08:15:00-06:00,2.9,244.0,12.9,9.0,8.0,304.0,"Aug 6, 2024"
2024-08-04 08:30:00-06:00,3.1,244.0,12.8,9.1,8.0,304.0,"Aug 6, 2024"
2024-08-04 08:45:00-06:00,2.9,244.0,12.8,9.1,8.0,304.0,"Aug 6, 2024"
2024-08-04 09:00:00-06:00,3.0,244.0,12.7,9.1,8.0,304.0,"Aug 6, 2024"
2024-08-04 09:15:00-06:00,2.8,244.0,12.7,9.1,8.0,300.0,"Aug 6, 2024"
2024-08-04 09:30:00-06:00,2.9,243.0,12.8,9.1,8.1,300.0,"Aug 6, 2024"
2024-08-04 09:45:00-06:00,2.9,243.0,12.8,9.1,8.1,304.0,"Aug 6, 2024"
2024-08-04 10:00:00-06:00,2.8,243.0,12.9,9.1,8.1,304.0,"Aug 6, 2024"
2024-08-04 10:15:00-06:00,2.9,243.0,12.9,9.0,8.1,304.0,"Aug 6, 2024"
2024-08-04 10:30:00-06:00,2.9,243.0,13.0,9.0,8.1,304.0,"Aug 6, 2024"
2024-08-04 10:45:00-06:00,2.9,243.0,13.2,9.0,8.1,304.0,"Aug 6, 2024"
2024-08-04 11:00:00-06:00,3.1,243.0,13.3,9.0,8.1,300.0,"Aug 6, 2024"
2024-08-04 11:15:00-06:00,2.8,243.0,13.5,8.9,8.1,300.0,"Aug 6, 2024"
2024-08-04 11:30:00-06:00,2.7,244.0,13.7,8.9,8.1,304.0,"Aug 6, 2024"
2024-08-04 11:45:00-06:00,2.8,243.0,13.9,8.9,8.1,304.0,"Aug 6, 2024"
2024-08-04 12:00:00-06:00,2.7,243.0,14.1,8.8,8.2,300.0,"Aug 6, 2024"
2024-08-04 12:15:00-06:00,2.7,243.0,14.3,8.8,8.2,300.0,"Aug 6, 2024"
2024-08-04 12:30:00-06:00,2.6,243.0,14.5,8.7,8.2,300.0,"Aug 6, 2024"
2024-08-04 12:45:00-06:00,2.6,243.0,14.6,8.7,8.2,300.0,"Aug 6, 2024"
2024-08-04 13:00:00-06:00,2.7,243.0,14.7,8.7,8.2,300.0,"Aug 6, 2024"
2024-08-04 13:15:00-06:00,2.8,243.0,14.6,8.7,8.2,300.0,"Aug 6, 2024"
2024-08-04 13:30:00-06:00,2.7,242.0,14.7,8.7,8.2,300.0,"Aug 6, 2024"
2024-08-04 13:45:00-06:00,2.6,242.0,14.9,8.7,8.2,300.0,"Aug 6, 2024"
2024-08-04 14:00:00-06:00,2.6,242.0,15.0,8.6,8.2,300.0,"Aug 6, 2024"
2024-08-04 14:15:00-06:00,2.7,242.0,15.2,8.6,8.2,300.0,"Aug 6, 2024"
2024-08-04 14:30:00-06:00,2.7,242.0,15.2,8.5,8.2,300.0,"Aug 6, 2024"
2024-08-04 14:45:00-06:00,2.8,242.0,15.4,8.5,8.2,300.0,"Aug 6, 2024"
2024-08-04 15:00:00-06:00,2.7,242.0,15.6,8.5,8.2,300.0,"Aug 6, 2024"
2024-08-04 15:15:00-06:00,2.7,242.0,15.7,8.5,8.2,300.0,"Aug 6, 2024"
2024-08-04 15:30:00-06:00,3.0,242.0,15.8,8.4,8.2,300.0,"Aug 6, 2024"
2024-08-04 15:45:00-06:00,2.7,242.0,15.8,8.5,8.3,300.0,"Aug 6, 2024"
2024-08-04 16:00:00-06:00,2.7,242.0,15.8,8.4,8.3,300.0,"Aug 6, 2024"
2024-08-04 16:15:00-06:00,2.6,242.0,15.8,8.4,8.3,300.0,"Aug 6, 2024"
2024-08-04 16:30:00-06:00,2.5,242.0,15.8,8.4,8.3,300.0,"Aug 6, 2024"
2024-08-04 16:45:00-06:00,2.7,242.0,15.9,8.4,8.3,300.0,"Aug 6, 2024"
2024-08-04 17:00:00-06:00,2.6,242.0,15.9,8.4,8.3,300.0,"Aug 6, 2024"
2024-08-04 17:15:00-06:00,2.8,242.0,16.0,8.4,8.3,300.0,"Aug 6, 2024"
2024-08-04 17:30:00-06:00,2.7,241.0,16.0,8.4,8.3,300.0,"Aug 6, 2024"
2024-08-04 17:45:00-06:00,2.7,241.0,16.0,8.4,8.3,300.0,"Aug 6, 2024"
2024-08-04 18:00:00-06:00,2.6,241.0,16.0,8.4,8.3,300.0,"Aug 6, 2024"
2024-08-04 18:15:00-06:00,2.6,241.0,16.0,8.4,8.4,300.0,"Aug 6, 2024"
2024-08-04 18:30:00-06:00,2.5,242.0,16.1,8.4,8.4,300.0,"Aug 6, 2024"
2024-08-04 18:45:00-06:00,2.5,241.0,16.1,8.4,8.4,300.0,"Aug 6, 2024"
2024-08-04 19:00:00-06:00,2.5,241.0,16.1,8.4,8.4,300.0,"Aug 6, 2024"
2024-08-04 19:15:00-06:00,2.6,241.0,16.1,8.4,8.4,300.0,"Aug 6, 2024"
2024-08-04 19:30:00-06:00,2.5,241.0,16.0,8.4,8.4,300.0,"Aug 6, 2024"
2024-08-04 19:45:00-06:00,2.6,241.0,15.9,8.4,8.4,300.0,"Aug 6, 2024"
2024-08-04 20:00:00-06:00,2.6,241.0,15.9,8.4,8.4,300.0,"Aug 6, 2024"
2024-08-04 20:15:00-06:00,2.6,242.0,15.8,8.4,8.4,304.0,"Aug 6, 2024"
2024-08-04 20:30:00-06:00,2.6,242.0,15.8,8.4,8.4,300.0,"Aug 6, 2024"
2024-08-04 20:45:00-06:00,2.6,242.0,15.7,8.4,8.4,300.0,"Aug 6, 2024"
2024-08-04 21:00:00-06:00,2.6,242.0,15.7,8.4,8.4,304.0,"Aug 6, 2024"
2024-08-04 21:15:00-06:00,2.6,241.0,15.6,8.4,8.4,300.0,"Aug 6, 2024"
2024-08-04 21:30:00-06:00,2.5,241.0,15.6,8.5,8.4,300.0,"Aug 6, 2024"
2024-08-04 21:45:00-06:00,2.7,241.0,15.6,8.5,8.4,300.0,"Aug 6, 2024"
2024-08-04 22:00:00-06:00,2.6,241.0,15.5,8.5,8.4,304.0,"Aug 6, 2024"
2024-08-04 22:15:00-06:00,2.6,241.0,15.5,8.5,8.3,304.0,"Aug 6, 2024"
2024-08-04 22:30:00-06:00,2.7,241.0,15.4,8.5,8.3,300.0,"Aug 6, 2024"
2024-08-04 22:45:00-06:00,2.6,241.0,15.4,8.5,8.3,300.0,"Aug 6, 2024"
2024-08-04 23:00:00-06:00,2.6,241.0,15.4,8.5,8.3,300.0,"Aug 6, 2024"
2024-08-04 23:15:00-06:00,2.6,241.0,15.4,8.5,8.3,300.0,"Aug 6, 2024"
2024-08-04 23:30:00-06:00,2.7,241.0,15.5,8.5,8.3,300.0,"Aug 6, 2024"
2024-08-04 23:45:00-06:00,2.7,241.0,15.5,8.5,8.3,300.0,"Aug 6, 2024"
2024-08-05 00:00:00-06:00,2.7,241.0,15.5,8.5,8.3,304.0,"Aug 6, 2024"
2024-08-05 00:15:00-06:00,2.8,241.0,15.5,8.5,8.2,300.0,"Aug 6, 2024"
2024-08-05 00:30:00-06:00,2.6,241.0,15.5,8.5,8.2,304.0,"Aug 6, 2024"
2024-08-05 00:45:00-06:00,2.8,242.0,15.4,8.5,8.2,304.0,"Aug 6, 2024"
2024-08-05 01:00:00-06:00,2.7,242.0,15.4,8.5,8.2,304.0,"Aug 6, 2024"
2024-08-05 01:15:00-06:00,2.7,242.0,15.4,8.5,8.2,300.0,"Aug 6, 2024"
2024-08-05 01:30:00-06:00,2.8,243.0,15.3,8.5,8.2,304.0,"Aug 6, 2024"
2024-08-05 01:45:00-06:00,2.8,243.0,15.3,8.5,8.1,304.0,"Aug 6, 2024"
2024-08-05 02:00:00-06:00,2.7,243.0,15.2,8.5,8.1,304.0,"Aug 6, 2024"
2024-08-05 02:15:00-06:00,2.7,243.0,15.2,8.5,8.1,300.0,"Aug 6, 2024"
2024-08-05 02:30:00-06:00,3.0,243.0,15.2,8.5,8.1,304.0,"Aug 6, 2024"
2024-08-05 02:45:00-06:00,2.7,243.0,15.1,8.5,8.1,304.0,"Aug 6, 2024"
2024-08-05 03:00:00-06:00,2.8,243.0,15.1,8.6,8.1,304.0,"Aug 6, 2024"
2024-08-05 03:15:00-06:00,2.8,243.0,15.0,8.6,8.1,304.0,"Aug 6, 2024"
2024-08-05 03:30:00-06:00,2.8,243.0,14.9,8.6,8.0,304.0,"Aug 6, 2024"
2024-08-05 03:45:00-06:00,2.8,243.0,14.8,8.6,8.0,304.0,"Aug 6, 2024"
2024-08-05 04:00:00-06:00,2.8,243.0,14.8,8.6,8.0,304.0,"Aug 6, 2024"
2024-08-05 04:15:00-06:00,2.8,243.0,14.7,8.7,8.0,304.0,"Aug 6, 2024"
2024-08-05 04:30:00-06:00,2.8,244.0,14.6,8.7,8.0,304.0,"Aug 6, 2024"
2024-08-05 04:45:00-06:00,2.9,244.0,14.5,8.7,8.0,304.0,"Aug 6, 2024"
2024-08-05 05:00:00-06:00,2.8,244.0,14.4,8.7,8.0,304.0,"Aug 6, 2024"
2024-08-05 05:15:00-06:00,2.8,244.0,14.4,8.7,8.0,304.0,"Aug 6, 2024"
2024-08-05 05:30:00-06:00,2.8,244.0,14.3,8.7,8.0,304.0,"Aug 6, 2024"
2024-08-05 05:45:00-06:00,2.8,244.0,14.2,8.7,8.0,304.0,"Aug 6, 2024"
2024-08-05 06:00:00-06:00,2.9,245.0,14.0,8.8,8.0,304.0,"Aug 6, 2024"
2024-08-05 06:15:00-06:00,2.8,245.0,13.9,8.8,8.0,304.0,"Aug 6, 2024"
2024-08-05 06:30:00-06:00,2.9,245.0,13.8,8.8,8.0,307.0,"Aug 6, 2024"
2024-08-05 06:45:00-06:00,2.8,245.0,13.7,8.8,8.0,304.0,"Aug 6, 2024"
2024-08-05 07:00:00-06:00,3.1,245.0,13.6,8.9,8.0,304.0,"Aug 6, 2024"
2024-08-05 07:15:00-06:00,2.8,245.0,13.5,8.9,8.0,304.0,"Aug 6, 2024"
2024-08-05 07:30:00-06:00,3.0,245.0,13.4,8.9,8.0,304.0,"Aug 6, 2024"
2024-08-05 07:45:00-06:00,2.8,245.0,13.3,8.9,8.0,304.0,"Aug 6, 2024"
2024-08-05 08:00:00-06:00,2.8,245.0,13.2,9.0,8.0,304.0,"Aug 6, 2024"
2024-08-05 08:15:00-06:00,2.8,245.0,13.1,9.0,8.0,304.0,"Aug 6, 2024"
2024-08-05 08:30:00-06:00,2.9,245.0,13.0,9.0,8.0,304.0,"Aug 6, 2024"
2024-08-05 08:45:00-06:00,2.9,245.0,13.0,9.0,8.0,304.0,"Aug 6, 2024"
2024-08-05 09:00:00-06:00,2.8,245.0,13.0,9.0,8.0,304.0,"Aug 6, 2024"
2024-08-05 09:15:00-06:00,2.9,245.0,13.0,9.0,8.0,304.0,"Aug 6, 2024"
2024-08-05 09:30:00-06:00,2.8,245.0,13.0,9.0,8.0,304.0,"Aug 6, 2024"
2024-08-05 09:45:00-06:00,3.0,245.0,13.1,9.0,8.0,304.0,"Aug 6, 2024"
2024-08-05 10:00:00-06:00,2.9,244.0,13.2,9.0,8.1,304.0,"Aug 6, 2024"
2024-08-05 10:15:00-06:00,2.7,244.0,13.4,9.0,8.1,304.0,"Aug 6, 2024"
2024-08-05 10:30:00-06:00,2.6,244.0,13.5,9.0,8.1,304.0,"Aug 6, 2024"
2024-08-05 10:45:00-06:00,2.6,244.0,13.6,9.0,8.1,304.0,"Aug 6, 2024"
2024-08-05 11:00:00-06:00,2.7,243.0,13.8,8.9,8.1,304.0,"Aug 6, 2024"
2024-08-05 11:15:00-06:00,2.8,243.0,14.0,8.9,8.1,304.0,"Aug 6, 2024"
2024-08-05 11:30:00-06:00,2.7,243.0,14.2,8.8,8.1,304.0,"Aug 6, 2024"
2024-08-05 11:45:00-06:00,2.8,242.0,14.4,8.8,8.1,304.0,"Aug 6, 2024"
2024-08-05 12:00:00-06:00,2.8,242.0,14.6,8.8,8.2,304.0,"Aug 6, 2024"
2024-08-05 12:15:00-06:00,2.7,242.0,14.8,8.8,8.2,304.0,"Aug 6, 2024"
2024-08-05 12:30:00-06:00,2.7,242.0,15.1,8.7,8.2,304.0,"Aug 6, 2024"
2024-08-05 12:45:00-06:00,2.8,241.0,15.3,8.6,8.2,304.0,"Aug 6, 2024"
2024-08-05 13:00:00-06:00,2.8,241.0,15.5,8.6,8.2,304.0,"Aug 6, 2024"
2024-08-05 13:15:00-06:00,2.8,241.0,15.7,8.6,8.2,304.0,"Aug 6, 2024"
2024-08-05 13:30:00-06:00,2.8,240.0,16.0,8.5,8.2,304.0,"Aug 6, 2024"
2024-08-05 13:45:00-06:00,2.8,240.0,16.2,8.5,8.2,304.0,"Aug 6, 2024"
2024-08-05 14:00:00-06:00,2.6,240.0,16.4,8.4,8.2,304.0,"Aug 6, 2024"
2024-08-05 14:15:00-06:00,2.7,240.0,16.7,8.4,8.2,304.0,"Aug 6, 2024"
2024-08-05 14:30:00-06:00,2.6,240.0,16.9,8.3,8.3,304.0,"Aug 6, 2024"
2024-08-05 14:45:00-06:00,2.5,240.0,17.1,8.3,8.2,304.0,"Aug 6, 2024"
2024-08-05 15:00:00-06:00,2.6,240.0,17.3,8.3,8.3,304.0,"Aug 6, 2024"
2024-08-05 15:15:00-06:00,2.5,240.0,17.4,8.3,8.3,304.0,"Aug 6, 2024"
2024-08-05 15:30:00-06:00,2.6,239.0,17.5,8.2,8.3,304.0,"Aug 6, 2024"
2024-08-05 15:45:00-06:00,2.7,239.0,17.5,8.2,8.3,304.0,"Aug 6, 2024"
2024-08-05 16:00:00-06:00,2.4,239.0,17.5,8.2,8.3,304.0,"Aug 6, 2024"
2024-08-05 16:15:00-06:00,2.6,239.0,17.5,8.2,8.3,304.0,"Aug 6, 2024"
2024-08-05 16:30:00-06:00,2.6,238.0,17.4,8.2,8.3,304.0,"Aug 6, 2024"
2024-08-05 16:45:00-06:00,2.5,238.0,17.4,8.2,8.3,328.0,"Aug 6, 2024"
2024-08-05 17:00:00-06:00,2.6,238.0,17.3,8.2,8.2,346.0,"Aug 6, 2024"
2024-08-05 17:15:00-06:00,2.7,237.0,17.3,8.3,8.2,354.0,"Aug 6, 2024"
2024-08-05 17:30:00-06:00,2.7,237.0,17.2,8.3,8.2,350.0,"Aug 6, 2024"
2024-08-05 17:45:00-06:00,2.7,237.0,17.1,8.3,8.2,354.0,"Aug 6, 2024"
2024-08-05 18:00:00-06:00,2.9,236.0,17.0,8.3,8.2,389.0,"Aug 6, 2024"
2024-08-05 18:15:00-06:00,2.8,235.0,16.9,8.3,8.2,457.0,"Aug 6, 2024"
2024-08-05 18:30:00-06:00,2.9,235.0,16.8,8.3,8.2,492.0,"Aug 6, 2024"
2024-08-05 18:45:00-06:00,2.8,235.0,16.8,8.3,8.2,457.0,"Aug 6, 2024"
2024-08-05 19:00:00-06:00,2.8,235.0,16.7,8.4,8.2,417.0,"Aug 6, 2024"
2024-08-05 19:15:00-06:00,3.0,235.0,16.7,8.4,8.3,389.0,"Aug 6, 2024"
2024-08-05 19:30:00-06:00,2.8,235.0,16.6,8.4,8.3,373.0,"Aug 6, 2024"
2024-08-05 19:45:00-06:00,2.9,235.0,16.6,8.4,8.3,358.0,"Aug 6, 2024"
2024-08-05 20:00:00-06:00,2.7,235.0,16.5,8.4,8.3,343.0,"Aug 6, 2024"
2024-08-05 20:15:00-06:00,3.0,235.0,16.4,8.4,8.3,328.0,"Aug 6, 2024"
2024-08-05 20:30:00-06:00,2.9,235.0,16.4,8.4,8.3,332.0,"Aug 6, 2024"
2024-08-05 20:45:00-06:00,2.8,235.0,16.3,8.4,8.3,332.0,"Aug 6, 2024"
2024-08-05 21:00:00-06:00,3.0,235.0,16.3,8.4,8.3,332.0,"Aug 6, 2024"
2024-08-05 21:15:00-06:00,3.0,235.0,16.2,8.4,8.3,332.0,"Aug 6, 2024"
2024-08-05 21:30:00-06:00,3.1,235.0,16.1,8.5,8.2,332.0,"Aug 6, 2024"
2024-08-05 21:45:00-06:00,3.2,236.0,16.0,8.5,8.2,332.0,"Aug 6, 2024"
2024-08-05 22:00:00-06:00,3.6,236.0,16.0,8.5,8.2,332.0,"Aug 6, 2024"
2024-08-05 22:15:00-06:00,3.6,236.0,15.9,8.5,8.2,332.0,"Aug 6, 2024"
2024-08-05 22:30:00-06:00,3.8,236.0,15.8,8.5,8.2,332.0,"Aug 6, 2024"
2024-08-05 22:45:00-06:00,3.5,236.0,15.7,8.5,8.2,332.0,"Aug 6, 2024"
2024-08-05 23:00:00-06:00,4.1,236.0,15.6,8.6,8.2,328.0,"Aug 6, 2024"
2024-08-05 23:15:00-06:00,4.6,237.0,15.6,8.6,8.1,328.0,"Aug 6, 2024"
2024-08-05 23:30:00-06:00,5.7,237.0,15.5,8.6,8.1,325.0,"Aug 6, 2024"
2024-08-05 23:45:00-06:00,6.2,238.0,15.5,8.6,8.1,325.0,"Aug 6, 2024"
2024-08-06 00:00:00-06:00,6.3,238.0,15.4,8.6,8.1,325.0,"Aug 6, 2024"
2024-08-06 00:15:00-06:00,6.2,238.0,15.3,8.6,8.1,325.0,"Aug 6, 2024"
2024-08-06 00:30:00-06:00,5.5,238.0,15.2,8.6,8.1,321.0,"Aug 6, 2024"
2024-08-06 00:45:00-06:00,5.3,238.0,15.1,8.6,8.0,321.0,"Aug 6, 2024"
2024-08-06 01:00:00-06:00,4.9,238.0,15.0,8.7,8.0,321.0,"Aug 6, 2024"
2024-08-06 01:15:00-06:00,4.6,238.0,14.9,8.7,8.0,321.0,"Aug 6, 2024"
2024-08-06 01:30:00-06:00,4.6,238.0,14.8,8.7,8.0,321.0,"Aug 6, 2024"
2024-08-06 01:45:00-06:00,5.3,237.0,14.7,8.7,8.0,318.0,"Aug 6, 2024"
2024-08-06 02:00:00-06:00,6.1,237.0,14.6,8.7,8.0,318.0,"Aug 6, 2024"
2024-08-06 02:15:00-06:00,8.5,236.0,14.5,8.7,8.0,318.0,"Aug 6, 2024"
2024-08-06 02:30:00-06:00,11.9,235.0,14.4,8.8,8.0,318.0,"Aug 6, 2024"
2024-08-06 02:45:00-06:00,13.7,235.0,14.3,8.8,8.0,318.0,"Aug 6, 2024"
2024-08-06 03:00:00-06:00,14.6,235.0,14.2,8.8,7.9,318.0,"Aug 6, 2024"
2024-08-06 03:15:00-06:00,12.8,235.0,14.1,8.8,7.9,321.0,"Aug 6, 2024"
2024-08-06 03:30:00-06:00,11.3,236.0,14.0,8.8,7.9,321.0,"Aug 6, 2024"
2024-08-06 03:45:00-06:00,9.9,236.0,13.9,8.8,7.9,321.0,"Aug 6, 2024"
2024-08-06 04:00:00-06:00,9.1,237.0,13.9,8.8,7.9,321.0,"Aug 6, 2024"
2024-08-06 04:15:00-06:00,9.4,238.0,13.8,8.9,7.9,318.0,"Aug 6, 2024"
2024-08-06 04:30:00-06:00,9.5,239.0,13.7,8.9,7.9,321.0,"Aug 6, 2024"
2024-08-06 04:45:00-06:00,9.4,239.0,13.6,8.9,7.9,318.0,"Aug 6, 2024"
2024-08-06 05:00:00-06:00,8.4,240.0,13.5,8.9,7.9,318.0,"Aug 6, 2024"
2024-08-06 05:15:00-06:00,9.0,240.0,13.4,9.0,7.9,318.0,"Aug 6, 2024"
2024-08-06 05:30:00-06:00,11.0,239.0,13.3,9.0,7.9,318.0,"Aug 6, 2024"
2024-08-06 05:45:00-06:00,19.6,238.0,13.1,9.0,7.9,318.0,"Aug 6, 2024"
2024-08-06 06:00:00-06:00,37.3,236.0,13.0,9.0,7.9,318.0,"Aug 6, 2024"
2024-08-06 06:15:00-06:00,79.9,234.0,12.9,9.0,7.9,318.0,"Aug 6, 2024"
2024-08-06 06:30:00-06:00,132.0,232.0,12.8,9.1,7.9,318.0,"Aug 6, 2024"
2024-08-06 06:45:00-06:00,216.0,230.0,12.7,9.1,7.9,318.0,"Aug 6, 2024"
2024-08-06 07:00:00-06:00,284.0,228.0,12.6,9.1,7.9,318.0,"Aug 6, 2024"
2024-08-06 07:15:00-06:00,321.0,228.0,12.5,9.1,7.9,318.0,"Aug 6, 2024"
2024-08-06 07:30:00-06:00,304.0,228.0,12.4,9.2,7.9,318.0,"Aug 6, 2024"
2024-08-06 07:45:00-06:00,287.0,229.0,12.4,9.2,7.9,318.0,"Aug 6, 2024"
2024-08-06 08:00:00-06:00,246.0,230.0,12.3,9.2,7.9,314.0,"Aug 6, 2024"
2024-08-06 08:15:00-06:00,203.0,231.0,12.3,9.2,7.9,318.0,"Aug 6, 2024"
2024-08-06 08:30:00-06:00,177.0,232.0,12.2,9.2,7.9,318.0,"Aug 6, 2024"
2024-08-06 08:45:00-06:00,137.0,232.0,12.2,9.2,7.9,307.0,"Aug 6, 2024"
2024-08-06 09:00:00-06:00,116.0,232.0,12.2,9.2,7.9,277.0,"Aug 6, 2024"
2024-08-06 09:15:00-06:00,94.8,233.0,12.3,9.2,7.9,255.0,"Aug 6, 2024"
2024-08-06 09:30:00-06:00,79.2,233.0,12.4,9.2,7.9,332.0,"Aug 6, 2024"
2024-08-06 09:45:00-06:00,78.5,233.0,12.5,9.2,7.9,318.0,"Aug 6, 2024"
2024-08-06 10:00:00-06:00,62.6,233.0,12.6,9.1,7.9,318.0,"Aug 6, 2024"
2024-08-06 10:15:00-06:00,60.1,233.0,12.7,9.1,7.9,314.0,"Aug 6, 2024"
2024-08-06 10:30:00-06:00,58.0,234.0,12.9,9.1,7.9,314.0,"Aug 6, 2024"
2024-08-06 10:45:00-06:00,49.6,234.0,13.1,9.0,8.0,318.0,"Aug 6, 2024"
2024-08-06 11:00:00-06:00,45.9,234.0,13.2,9.0,8.0,314.0,"Aug 6, 2024"
2024-08-06 11:15:00-06:00,41.2,234.0,13.4,9.0,8.0,318.0,"Aug 6, 2024"
2024-08-06 11:30:00-06:00,38.2,234.0,13.6,8.9,8.0,314.0,"Aug 6, 2024"
2024-08-06 11:45:00-06:00,33.5,235.0,13.8,8.9,8.0,314.0,"Aug 6, 2024"
2024-08-06 12:00:00-06:00,28.8,235.0,14.0,8.9,8.0,314.0,"Aug 6, 2024"
2024-08-06 12:15:00-06:00,27.5,235.0,14.3,8.8,8.0,314.0,"Aug 6, 2024"
2024-08-06 12:30:00-06:00,25.4,235.0,14.5,8.8,8.0,314.0,"Aug 6, 2024"
2024-08-06 12:45:00-06:00,23.0,235.0,14.8,8.7,8.0,314.0,"Aug 6, 2024"
2024-08-06 13:00:00-06:00,19.6,235.0,15.0,8.7,8.0,314.0,"Aug 6, 2024"
2024-08-06 13:15:00-06:00,18.2,235.0,15.1,8.6,8.0,307.0,"Aug 6, 2024"
2024-08-06 13:30:00-06:00,16.8,235.0,15.3,8.6,8.1,294.0,"Aug 6, 2024"
2024-08-06 13:45:00-06:00,16.3,235.0,15.5,8.6,8.1,284.0,"Aug 6, 2024"
2024-08-06 14:00:00-06:00,14.1,235.0,15.6,8.6,8.1,277.0,"Aug 6, 2024"
2024-08-06 14:15:00-06:00,13.2,235.0,15.7,8.5,8.1,274.0,"Aug 6, 2024"
2024-08-06 14:30:00-06:00,13.3,235.0,15.7,8.5,8.1,268.0,"Aug 6, 2024"
2024-08-06 14:45:00-06:00,13.2,235.0,15.7,8.5,8.1,262.0,"Aug 6, 2024"
2024-08-06 15:00:00-06:00,12.1,235.0,15.7,8.5,8.1,258.0,"Aug 6, 2024"
2024-08-06 15:15:00-06:00,11.5,235.0,15.8,8.5,8.1,258.0,"Aug 6, 2024"
2024-08-06 15:30:00-06:00,13.9,234.0,15.9,8.5,8.1,258.0,"Aug 6, 2024"
2024-08-06 15:45:00-06:00,12.9,234.0,16.1,8.5,8.1,258.0,"Aug 6, 2024"
2024-08-06 16:00:00-06:00,13.7,233.0,16.3,8.4,8.1,258.0,"Aug 6, 2024"
2024-08-06 16:15:00-06:00,13.4,233.0,16.4,8.4,8.1,258.0,"Aug 6, 2024"
2024-08-06 16:30:00-06:00,13.0,233.0,16.6,8.4,8.1,255.0,"Aug 6, 2024"
2024-08-06 16:45:00-06:00,13.9,233.0,16.7,8.3,8.1,255.0,"Aug 6, 2024"
2024-08-06 17:00:00-06:00,14.0,233.0,16.8,8.3,8.1,255.0,"Aug 6, 2024"
2024-08-06 17:15:00-06:00,13.2,233.0,16.8,8.3,8.1,255.0,"Aug 6, 2024"
2024-08-06 17:30:00-06:00,13.0,233.0,16.7,8.3,8.1,258.0,"Aug 6, 2024"
2024-08-06 17:45:00-06:00,12.8,233.0,16.7,8.3,8.1,255.0,"Aug 6, 2024"
2024-08-06 18:00:00-06:00,12.5,233.0,16.7,8.3,8.1,258.0,"Aug 6, 2024"
2024-08-06 18:15:00-06:00,11.7,234.0,16.8,8.3,8.1,255.0,"Aug 6, 2024"
2024-08-06 18:30:00-06:00,10.9,234.0,16.8,8.3,8.1,255.0,"Aug 6, 2024"
2024-08-06 18:45:00-06:00,11.3,234.0,16.8,8.3,8.1,255.0,"Aug 6, 2024"
2024-08-06 19:00:00-06:00,10.5,235.0,16.8,8.3,8.1,255.0,"Aug 6, 2024"
2024-08-06 19:15:00-06:00,10.0,235.0,16.7,8.3,8.1,255.0,"Aug 6, 2024"
2024-08-06 19:30:00-06:00,10.5,236.0,16.7,8.3,8.1,258.0,"Aug 6, 2024"
2024-08-06 19:45:00-06:00,9.6,236.0,16.6,8.3,8.1,258.0,"Aug 6, 2024"
2024-08-06 20:00:00-06:00,10.5,236.0,16.5,8.3,8.1,258.0,"Aug 6, 2024"
2024-08-06 20:15:00-06:00,9.6,236.0,16.5,8.3,8.1,258.0,"Aug 6, 2024"
2024-08-06 20:30:00-06:00,9.8,236.0,16.5,8.3,8.1,258.0,"Aug 6, 2024"
2024-08-06 20:45:00-06:00,9.0,236.0,16.5,8.4,8.1,258.0,"Aug 6, 2024"
2024-08-06 21:00:00-06:00,9.3,237.0,16.4,8.4,8.1,255.0,"Aug 6, 2024"
2024-08-06 21:15:00-06:00,8.5,237.0,16.4,8.4,8.1,255.0,"Aug 6, 2024"
2024-08-06 21:30:00-06:00,7.9,237.0,16.4,8.4,8.0,255.0,"Aug 6, 2024"
2024-08-06 21:45:00-06:00,8.4,237.0,16.4,8.4,8.0,255.0,"Aug 6, 2024"
2024-08-06 22:00:00-06:00,7.8,237.0,16.4,8.4,8.0,255.0,"Aug 6, 2024"
2024-08-06 22:15:00-06:00,8.1,237.0,16.3,8.4,8.0,255.0,"Aug 6, 2024"
2024-08-06 22:30:00-06:00,8.5,237.0,16.2,8.4,8.0,255.0,"Aug 6, 2024"
2024-08-06 22:45:00-06:00,7.2,236.0,16.2,8.4,8.0,255.0,"Aug 6, 2024"
2024-08-06 23:00:00-06:00,7.4,236.0,16.1,8.4,8.0,255.0,"Aug 6, 2024"
2024-08-06 23:15:00-06:00,7.9,236.0,16.0,8.4,8.0,255.0,"Aug 6, 2024"
2024-08-06 23:30:00-06:00,7.5,236.0,16.0,8.4,8.0,255.0,"Aug 6, 2024"
2024-08-06 23:45:00-06:00,7.0,236.0,15.9,8.4,8.0,255.0,"Aug 6, 2024"
2024-08-07 00:00:00-06:00,6.5,237.0,15.8,8.5,8.0,255.0,"Aug 6, 2024"
2024-08-07 00:15:00-06:00,6.9,237.0,15.7,8.5,8.0,255.0,"Aug 6, 2024"
2024-08-07 00:30:00-06:00,6.6,237.0,15.7,8.5,8.0,255.0,"Aug 6, 2024"
2024-08-07 00:45:00-06:00,6.7,237.0,15.6,8.5,8.0,255.0,"Aug 6, 2024"
2024-08-07 01:00:00-06:00,6.5,237.0,15.6,8.5,8.0,255.0,"Aug 6, 2024"
2024-08-07 01:15:00-06:00,6.1,237.0,15.5,8.5,8.0,255.0,"Aug 6, 2024"
2024-08-07 01:30:00-06:00,6.1,237.0,15.4,8.5,8.0,255.0,"Aug 6, 2024"
2024-08-07 01:45:00-06:00,6.0,237.0,15.4,8.5,8.0,255.0,"Aug 6, 2024"
2024-08-07 02:00:00-06:00,5.9,238.0,15.3,8.6,8.0,255.0,"Aug 6, 2024"
2024-08-07 02:15:00-06:00,6.0,238.0,15.2,8.6,8.0,255.0,"Aug 6, 2024"
2024-08-07 02:30:00-06:00,5.8,238.0,15.1,8.6,8.0,258.0,"Aug 6, 2024"
2024-08-07 02:45:00-06:00,5.8,237.0,15.1,8.6,8.0,255.0,"Aug 6, 2024"
2024-08-07 03:00:00-06:00,5.9,237.0,15.0,8.6,8.0,258.0,"Aug 6, 2024"
2024-08-07 03:15:00-06:00,5.8,237.0,14.9,8.6,8.0,258.0,"Aug 6, 2024"
2024-08-07 03:30:00-06:00,6.0,238.0,14.9,8.6,8.0,258.0,"Aug 6, 2024"
2024-08-07 03:45:00-06:00,5.7,238.0,14.8,8.6,8.0,255.0,"Aug 6, 2024"
2024-08-07 04:00:00-06:00,5.4,238.0,14.8,8.6,8.0,258.0,"Aug 6, 2024"
2024-08-07 04:15:00-06:00,5.9,238.0,14.7,8.7,8.0,258.0,"Aug 6, 2024"
2024-08-07 04:30:00-06:00,6.2,239.0,14.7,8.7,8.0,258.0,"Aug 6, 2024"
2024-08-07 04:45:00-06:00,5.6,239.0,14.6,8.7,8.0,258.0,"Aug 6, 2024"
2024-08-07 05:00:00-06:00,5.5,239.0,14.5,8.7,8.0,258.0,"Aug 6, 2024"
2024-08-07 05:15:00-06:00,5.9,239.0,14.4,8.7,8.0,258.0,"Aug 6, 2024"
2024-08-07 05:30:00-06:00,5.2,239.0,14.4,8.7,8.0,258.0,"Aug 6, 2024"
2024-08-07 05:45:00-06:00,5.4,239.0,14.3,8.7,8.0,258.0,"Aug 6, 2024"
2024-08-07 06:00:00-06:00,5.6,239.0,14.2,8.7,8.0,258.0,"Aug 6, 2024"
2024-08-07 06:15:00-06:00,5.2,239.0,14.1,8.8,8.0,258.0,"Aug 6, 2024"
2024-08-07 06:30:00-06:00,5.7,239.0,14.1,8.8,8.0,258.0,"Aug 6, 2024"
2024-08-07 06:45:00-06:00,5.6,239.0,14.0,8.8,8.0,258.0,"Aug 6, 2024"
2024-08-07 07:00:00-06:00,5.8,239.0,13.9,8.8,8.0,258.0,"Aug 6, 2024"
2024-08-07 07:15:00-06:00,6.0,239.0,13.8,8.9,8.0,258.0,"Aug 6, 2024"
2024-08-07 07:30:00-06:00,5.7,239.0,13.7,8.9,8.0,262.0,"Aug 6, 2024"
2024-08-07 07:45:00-06:00,5.4,239.0,13.7,8.9,8.0,262.0,"Aug 6, 2024"
2024-08-07 08:00:00-06:00,6.0,239.0,13.6,8.9,8.0,258.0,"Aug 6, 2024"
2024-08-07 08:15:00-06:00,5.6,239.0,13.5,8.9,8.0,258.0,"Aug 6, 2024"
2024-08-07 08:30:00-06:00,5.4,239.0,13.4,8.9,8.0,258.0,"Aug 6, 2024"
2024-08-07 08:45:00-06:00,5.3,239.0,13.4,8.9,8.0,255.0,"Aug 6, 2024"
2024-08-07 09:00:00-06:00,5.1,239.0,13.4,8.9,8.0,255.0,"Aug 6, 2024"
2024-08-07 09:15:00-06:00,5.5,240.0,13.4,9.0,8.0,255.0,"Aug 6, 2024"
2024-08-07 09:30:00-06:00,4.7,240.0,13.4,9.0,8.0,255.0,"Aug 6, 2024"
2024-08-07 09:45:00-06:00,4.6,240.0,13.4,9.0,8.0,255.0,"Aug 6, 2024"
2024-08-07 10:00:00-06:00,5.5,240.0,13.5,9.0,8.0,255.0,"Aug 6, 2024"
2024-08-07 10:15:00-06:00,4.9,240.0,13.6,8.9,8.1,255.0,"Aug 6, 2024"
2024-08-07 10:30:00-06:00,5.0,240.0,13.8,8.9,8.1,255.0,"Aug 6, 2024"
2024-08-07 10:45:00-06:00,4.8,240.0,13.9,8.9,8.1,255.0,"Aug 6, 2024"
2024-08-07 11:00:00-06:00,4.9,240.0,14.0,8.9,8.1,255.0,"Aug 6, 2024"
2024-08-07 11:15:00-06:00,4.7,240.0,14.2,8.9,8.1,255.0,"Aug 6, 2024"
2024-08-07 11:30:00-06:00,4.6,239.0,14.3,8.8,8.1,255.0,"Aug 6, 2024"
2024-08-07 11:45:00-06:00,5.6,239.0,14.4,8.8,8.1,255.0,"Aug 6, 2024"
2024-08-07 12:00:00-06:00,4.2,239.0,14.4,8.8,8.1,255.0,"Aug 6, 2024"
2024-08-07 12:15:00-06:00,4.4,239.0,14.4,8.8,8.1,255.0,"Aug 6, 2024"
2024-08-07 12:30:00-06:00,4.1,239.0,14.3,8.8,8.1,255.0,"Aug 6, 2024"
2024-08-07 12:45:00-06:00,4.3,239.0,14.3,8.8,8.1,255.0,"Aug 6, 2024"
2024-08-07 13:00:00-06:00,4.2,238.0,14.2,8.8,8.1,255.0,"Aug 6, 2024"
2024-08-07 13:15:00-06:00,4.1,238.0,14.2,8.8,8.1,255.0,"Aug 6, 2024"
2024-08-07 13:30:00-06:00,3.9,238.0,14.2,8.8,8.1,255.0,"Aug 6, 2024"
2024-08-07 13:45:00-06:00,3.9,238.0,14.2,8.8,8.1,255.0,"Aug 6, 2024"
2024-08-07 14:00:00-06:00,4.1,238.0,14.3,8.8,8.1,252.0,"Aug 6, 2024"
2024-08-07 14:15:00-06:00,4.1,238.0,14.4,8.8,8.1,252.0,"Aug 6, 2024"
2024-08-07 14:30:00-06:00,4.2,237.0,14.6,8.8,8.2,243.0,"Aug 6, 2024"
2024-08-07 14:45:00-06:00,4.3,237.0,15.0,8.7,8.2,235.0,"Aug 6, 2024"
2024-08-07 15:00:00-06:00,3.6,237.0,15.2,8.7,8.2,229.0,"Aug 6, 2024"
2024-08-07 15:15:00-06:00,3.8,237.0,15.4,8.6,8.2,226.0,"Aug 6, 2024"
2024-08-07 15:30:00-06:00,3.9,237.0,15.5,8.6,8.2,221.0,"Aug 6, 2024"
2024-08-07 15:45:00-06:00,4.2,237.0,15.6,8.5,8.2,212.0,"Aug 6, 2024"
2024-08-07 16:00:00-06:00,4.1,237.0,15.6,8.5,8.2,204.0,"Aug 6, 2024"
2024-08-07 16:15:00-06:00,3.6,237.0,15.6,8.5,8.2,194.0,"Aug 6, 2024"
2024-08-07 16:30:00-06:00,4.1,237.0,15.6,8.5,8.2,192.0,"Aug 6, 2024"
2024-08-07 16:45:00-06:00,3.9,237.0,15.6,8.5,8.2,189.0,"Aug 6, 2024"
2024-08-07 17:00:00-06:00,4.4,237.0,15.6,8.5,8.2,194.0,"Aug 6, 2024"
2024-08-07 17:15:00-06:00,4.1,237.0,15.5,8.5,8.2,194.0,"Aug 6, 2024"
2024-08-07 17:30:00-06:00,3.8,237.0,15.5,8.5,8.2,189.0,"Aug 6, 2024"
2024-08-07 17:45:00-06:00,3.9,237.0,15.4,8.5,8.2,182.0,"Aug 6, 2024"
2024-08-07 18:00:00-06:00,3.9,237.0,15.4,8.5,8.2,179.0,"Aug 6, 2024"
2024-08-07 18:15:00-06:00,3.7,237.0,15.4,8.5,8.2,174.0,"Aug 6, 2024"
2024-08-07 18:30:00-06:00,3.8,236.0,15.4,8.5,8.2,174.0,"Aug 6, 2024"
2024-08-07 18:45:00-06:00,3.9,236.0,15.4,8.5,8.2,179.0,"Aug 6, 2024"
2024-08-07 19:00:00-06:00,3.9,236.0,15.3,8.6,8.2,179.0,"Aug 6, 2024"
2024-08-07 19:15:00-06:00,3.6,236.0,15.3,8.6,8.2,179.0,"Aug 6, 2024"
2024-08-07 19:30:00-06:00,3.6,236.0,15.3,8.6,8.2,174.0,"Aug 6, 2024"
2024-08-07 19:45:00-06:00,3.6,237.0,15.3,8.5,8.2,174.0,"Aug 6, 2024"
2024-08-07 20:00:00-06:00,3.9,237.0,15.3,8.5,8.2,174.0,"Aug 6, 2024"
2024-08-07 20:15:00-06:00,4.1,237.0,15.2,8.5,8.2,174.0,"Aug 6, 2024"
2024-08-07 20:30:00-06:00,4.3,237.0,15.2,8.5,8.2,174.0,"Aug 6, 2024"
2024-08-07 20:45:00-06:00,4.1,237.0,15.2,8.6,8.2,174.0,"Aug 6, 2024"
2024-08-07 21:00:00-06:00,5.1,237.0,15.1,8.6,8.1,174.0,"Aug 6, 2024"
2024-08-07 21:15:00-06:00,4.3,237.0,15.1,8.6,8.1,174.0,"Aug 6, 2024"
2024-08-07 21:30:00-06:00,4.8,237.0,15.0,8.6,8.1,172.0,"Aug 6, 2024"
2024-08-07 21:45:00-06:00,4.5,237.0,15.0,8.6,8.1,172.0,"Aug 6, 2024"
2024-08-07 22:00:00-06:00,4.6,237.0,15.0,8.6,8.1,172.0,"Aug 6, 2024"
2024-08-07 22:15:00-06:00,4.7,236.0,14.9,8.6,8.1,174.0,"Aug 6, 2024"
2024-08-07 22:30:00-06:00,4.6,236.0,14.9,8.6,8.1,172.0,"Aug 6, 2024"
2024-08-07 22:45:00-06:00,5.2,235.0,14.8,8.6,8.1,172.0,"Aug 6, 2024"
2024-08-07 23:00:00-06:00,6.0,235.0,14.8,8.6,8.1,172.0,"Aug 6, 2024"
2024-08-07 23:15:00-06:00,5.1,234.0,14.7,8.6,8.0,172.0,"Aug 6, 2024"
2024-08-07 23:30:00-06:00,4.6,234.0,14.7,8.6,8.0,172.0,"Aug 6, 2024"
2024-08-07 23:45:00-06:00,5.3,233.0,14.6,8.6,8.0,172.0,"Aug 6, 2024"
2024-08-08 00:00:00-06:00,5.4,233.0,14.6,8.6,8.0,172.0,"Aug 6, 2024"
2024-08-08 00:15:00-06:00,5.3,232.0,14.6,8.6,8.0,172.0,"Aug 6, 2024"
2024-08-08 00:30:00-06:00,4.9,232.0,14.5,8.6,8.0,172.0,"Aug 6, 2024"
2024-08-08 00:45:00-06:00,5.6,232.0,14.5,8.6,8.0,172.0,"Aug 6, 2024"
2024-08-08 01:00:00-06:00,5.1,231.0,14.4,8.7,8.0,172.0,"Aug 6, 2024"
2024-08-08 01:15:00-06:00,5.6,231.0,14.4,8.7,8.0,172.0,"Aug 6, 2024"
2024-08-08 01:30:00-06:00,6.8,231.0,14.3,8.7,8.0,172.0,"Aug 6, 2024"
2024-08-08 01:45:00-06:00,5.8,231.0,14.2,8.7,8.0,172.0,"Aug 6, 2024"
2024-08-08 02:00:00-06:00,7.8,231.0,14.2,8.7,8.0,172.0,"Aug 6, 2024"
2024-08-08 02:15:00-06:00,8.3,231.0,14.1,8.7,8.0,172.0,"Aug 6, 2024"
2024-08-08 02:30:00-06:00,6.1,231.0,14.1,8.8,8.0,172.0,"Aug 6, 2024"
2024-08-08 02:45:00-06:00,6.7,232.0,14.0,8.8,8.0,172.0,"Aug 6, 2024"
2024-08-08 03:00:00-06:00,7.6,232.0,14.0,8.8,8.0,172.0,"Aug 6, 2024"
2024-08-08 03:15:00-06:00,6.1,232.0,13.9,8.8,8.0,172.0,"Aug 6, 2024"
2024-08-08 03:30:00-06:00,5.3,233.0,13.9,8.8,8.0,172.0,"Aug 6, 2024"
2024-08-08 03:45:00-06:00,5.5,233.0,13.8,8.8,8.0,172.0,"Aug 6, 2024"
2024-08-08 04:00:00-06:00,5.8,233.0,13.8,8.8,8.0,172.0,"Aug 6, 2024"
2024-08-08 04:15:00-06:00,5.4,232.0,13.7,8.9,8.0,172.0,"Aug 6, 2024"
2024-08-08 04:30:00-06:00,5.7,232.0,13.7,8.9,7.9,172.0,"Aug 6, 2024"
2024-08-08 04:45:00-06:00,5.6,232.0,13.7,8.9,8.0,172.0,"Aug 6, 2024"
2024-08-08 05:00:00-06:00,5.2,232.0,13.6,8.9,7.9,172.0,"Aug 6, 2024"
2024-08-08 05:15:00-06:00,5.3,232.0,13.6,8.9,7.9,172.0,"Aug 6, 2024"
2024-08-08 05:30:00-06:00,5.1,232.0,13.5,8.9,7.9,172.0,"Aug 6, 2024"
2024-08-08 05:45:00-06:00,5.4,232.0,13.5,8.9,7.9,172.0,"Aug 6, 2024"
2024-08-08 06:00:00-06:00,5.6,231.0,13.5,8.9,7.9,172.0,"Aug 6, 2024"
2024-08-08 06:15:00-06:00,4.6,231.0,13.5,8.9,7.9,172.0,"Aug 6, 2024"
2024-08-08 06:30:00-06:00,4.6,230.0,13.4,8.9,7.9,172.0,"Aug 6, 2024"
2024-08-08 06:45:00-06:00,4.6,230.0,13.4,8.9,7.9,174.0,"Aug 6, 2024"
2024-08-08 07:00:00-06:00,4.9,230.0,13.4,8.9,7.9,174.0,"Aug 6, 2024"
2024-08-08 07:15:00-06:00,4.5,230.0,13.4,8.9,7.9,174.0,"Aug 6, 2024"
2026-07-25 08:15:00-06:00,3.0,307.0,13.9,8.7,8.1,197.0,"Jul 28, 2026"
2026-07-25 08:30:00-06:00,3.0,307.0,13.9,8.8,8.1,197.0,"Jul 28, 2026"
2026-07-25 08:45:00-06:00,3.0,307.0,13.8,8.8,8.1,197.0,"Jul 28, 2026"
2026-07-25 09:00:00-06:00,2.7,307.0,13.8,8.8,8.1,197.0,"Jul 28, 2026"
2026-07-25 09:15:00-06:00,2.8,307.0,13.8,8.8,8.1,197.0,"Jul 28, 2026"
2026-07-25 09:30:00-06:00,2.8,306.0,13.8,8.8,8.1,197.0,"Jul 28, 2026"
2026-07-25 09:45:00-06:00,2.8,307.0,13.9,8.8,8.2,197.0,"Jul 28, 2026"
2026-07-25 10:00:00-06:00,2.8,307.0,14.0,8.8,8.2,197.0,"Jul 28, 2026"
2026-07-25 10:15:00-06:00,2.8,307.0,14.1,8.8,8.2,197.0,"Jul 28, 2026"
2026-07-25 10:30:00-06:00,2.9,307.0,14.2,8.8,8.2,197.0,"Jul 28, 2026"
2026-07-25 10:45:00-06:00,2.7,307.0,14.3,8.8,8.2,197.0,"Jul 28, 2026"
2026-07-25 11:00:00-06:00,2.9,307.0,14.5,8.7,8.2,197.0,"Jul 28, 2026"
2026-07-25 11:15:00-06:00,2.7,307.0,14.6,8.7,8.2,197.0,"Jul 28, 2026"
2026-07-25 11:30:00-06:00,2.7,307.0,14.8,8.7,8.3,197.0,"Jul 28, 2026"
2026-07-25 11:45:00-06:00,2.9,307.0,15.0,8.6,8.3,197.0,"Jul 28, 2026"
2026-07-25 12:00:00-06:00,2.7,307.0,15.2,8.6,8.3,197.0,"Jul 28, 2026"
2026-07-25 12:15:00-06:00,2.6,307.0,15.5,8.5,8.3,197.0,"Jul 28, 2026"
2026-07-25 12:30:00-06:00,2.8,307.0,15.7,8.5,8.3,197.0,"Jul 28, 2026"
2026-07-25 12:45:00-06:00,2.7,307.0,16.0,8.4,8.3,197.0,"Jul 28, 2026"
2026-07-25 13:00:00-06:00,2.6,307.0,16.2,8.4,8.4,197.0,"Jul 28, 2026"
2026-07-25 13:15:00-06:00,2.6,307.0,16.2,8.4,8.4,197.0,"Jul 28, 2026"
2026-07-25 13:30:00-06:00,2.6,307.0,16.1,8.4,8.4,197.0,"Jul 28, 2026"
2026-07-25 13:45:00-06:00,2.6,306.0,16.0,8.4,8.4,194.0,"Jul 28, 2026"
2026-07-25 14:00:00-06:00,2.6,306.0,16.2,8.4,8.4,197.0,"Jul 28, 2026"
2026-07-25 14:15:00-06:00,2.6,306.0,16.4,8.3,8.4,197.0,"Jul 28, 2026"
2026-07-25 14:30:00-06:00,2.6,306.0,16.6,8.3,8.4,197.0,"Jul 28, 2026"
2026-07-25 14:45:00-06:00,2.7,306.0,16.7,8.2,8.4,197.0,"Jul 28, 2026"
2026-07-25 15:00:00-06:00,3.0,305.0,16.7,8.2,8.4,197.0,"Jul 28, 2026"
2026-07-25 15:15:00-06:00,2.8,305.0,16.7,8.2,8.4,197.0,"Jul 28, 2026"
2026-07-25 15:30:00-06:00,2.8,305.0,16.9,8.2,8.4,197.0,"Jul 28, 2026"
2026-07-25 15:45:00-06:00,2.7,305.0,17.1,8.2,8.4,197.0,"Jul 28, 2026"
2026-07-25 16:00:00-06:00,2.6,305.0,17.2,8.2,8.4,197.0,"Jul 28, 2026"
2026-07-25 16:15:00-06:00,2.6,305.0,17.2,8.2,8.4,197.0,"Jul 28, 2026"
2026-07-25 16:30:00-06:00,2.8,305.0,17.2,8.1,8.5,197.0,"Jul 28, 2026"
2026-07-25 16:45:00-06:00,2.5,305.0,17.2,8.2,8.5,197.0,"Jul 28, 2026"
2026-07-25 17:00:00-06:00,2.6,306.0,17.3,8.2,8.5,197.0,"Jul 28, 2026"
2026-07-25 17:15:00-06:00,2.6,305.0,17.4,8.1,8.5,197.0,"Jul 28, 2026"
2026-07-25 17:30:00-06:00,2.7,305.0,17.5,8.1,8.5,197.0,"Jul 28, 2026"
2026-07-25 17:45:00-06:00,2.7,305.0,17.4,8.1,8.5,194.0,"Jul 28, 2026"
2026-07-25 18:00:00-06:00,2.6,305.0,17.3,8.1,8.5,194.0,"Jul 28, 2026"
2026-07-25 18:15:00-06:00,2.4,305.0,17.3,8.1,8.5,197.0,"Jul 28, 2026"
2026-07-25 18:30:00-06:00,2.4,305.0,17.3,8.1,8.5,197.0,"Jul 28, 2026"
2026-07-25 18:45:00-06:00,2.5,305.0,17.3,8.1,8.5,197.0,"Jul 28, 2026"
2026-07-25 19:00:00-06:00,2.4,305.0,17.2,8.1,8.5,197.0,"Jul 28, 2026"
2026-07-25 19:15:00-06:00,2.6,305.0,17.2,8.1,8.5,197.0,"Jul 28, 2026"
2026-07-25 19:30:00-06:00,2.4,305.0,17.2,8.1,8.5,197.0,"Jul 28, 2026"
2026-07-25 19:45:00-06:00,2.4,305.0,17.2,8.1,8.4,197.0,"Jul 28, 2026"
2026-07-25 20:00:00-06:00,2.5,305.0,17.2,8.0,8.4,197.0,"Jul 28, 2026"
2026-07-25 20:15:00-06:00,2.5,304.0,17.2,8.0,8.4,197.0,"Jul 28, 2026"
2026-07-25 20:30:00-06:00,2.3,305.0,17.2,8.0,8.4,197.0,"Jul 28, 2026"
2026-07-25 20:45:00-06:00,2.5,304.0,17.2,8.0,8.4,197.0,"Jul 28, 2026"
2026-07-25 21:00:00-06:00,2.3,304.0,17.1,8.0,8.4,197.0,"Jul 28, 2026"
2026-07-25 21:15:00-06:00,2.5,304.0,17.1,8.1,8.4,197.0,"Jul 28, 2026"
2026-07-25 21:30:00-06:00,2.5,304.0,17.0,8.1,8.4,197.0,"Jul 28, 2026"
2026-07-25 21:45:00-06:00,2.4,304.0,16.9,8.1,8.3,197.0,"Jul 28, 2026"
2026-07-25 22:00:00-06:00,2.5,304.0,16.9,8.1,8.3,197.0,"Jul 28, 2026"
2026-07-25 22:15:00-06:00,2.7,304.0,16.8,8.1,8.3,197.0,"Jul 28, 2026"
2026-07-25 22:30:00-06:00,2.7,305.0,16.8,8.1,8.3,197.0,"Jul 28, 2026"
2026-07-25 22:45:00-06:00,2.7,304.0,16.8,8.1,8.3,197.0,"Jul 28, 2026"
2026-07-25 23:00:00-06:00,2.5,304.0,16.8,8.1,8.3,197.0,"Jul 28, 2026"
2026-07-25 23:15:00-06:00,2.6,304.0,16.7,8.1,8.2,197.0,"Jul 28, 2026"
2026-07-25 23:30:00-06:00,2.5,304.0,16.7,8.1,8.2,197.0,"Jul 28, 2026"
2026-07-25 23:45:00-06:00,2.5,304.0,16.6,8.1,8.2,197.0,"Jul 28, 2026"
2026-07-26 00:00:00-06:00,2.8,304.0,16.6,8.1,8.2,197.0,"Jul 28, 2026"
2026-07-26 00:15:00-06:00,2.7,304.0,16.6,8.1,8.2,197.0,"Jul 28, 2026"
2026-07-26 00:30:00-06:00,2.7,304.0,16.5,8.1,8.2,197.0,"Jul 28, 2026"
2026-07-26 00:45:00-06:00,2.8,304.0,16.5,8.1,8.2,197.0,"Jul 28, 2026"
2026-07-26 01:00:00-06:00,2.5,304.0,16.4,8.2,8.1,197.0,"Jul 28, 2026"
2026-07-26 01:15:00-06:00,2.6,304.0,16.4,8.2,8.1,197.0,"Jul 28, 2026"
2026-07-26 01:30:00-06:00,2.6,304.0,16.3,8.2,8.1,197.0,"Jul 28, 2026"
2026-07-26 01:45:00-06:00,2.5,305.0,16.2,8.2,8.1,197.0,"Jul 28, 2026"
2026-07-26 02:00:00-06:00,2.6,305.0,16.1,8.2,8.1,197.0,"Jul 28, 2026"
2026-07-26 02:15:00-06:00,2.9,304.0,16.0,8.2,8.1,197.0,"Jul 28, 2026"
2026-07-26 02:30:00-06:00,2.7,304.0,15.9,8.2,8.1,197.0,"Jul 28, 2026"
2026-07-26 02:45:00-06:00,2.8,304.0,15.8,8.3,8.1,197.0,"Jul 28, 2026"
2026-07-26 03:00:00-06:00,2.5,305.0,15.7,8.3,8.1,197.0,"Jul 28, 2026"
2026-07-26 03:15:00-06:00,2.7,304.0,15.6,8.3,8.1,197.0,"Jul 28, 2026"
2026-07-26 03:30:00-06:00,2.7,304.0,15.5,8.3,8.1,197.0,"Jul 28, 2026"
2026-07-26 03:45:00-06:00,2.7,304.0,15.4,8.4,8.1,197.0,"Jul 28, 2026"
2026-07-26 04:00:00-06:00,2.7,304.0,15.2,8.4,8.1,197.0,"Jul 28, 2026"
2026-07-26 04:15:00-06:00,2.7,304.0,15.1,8.4,8.1,197.0,"Jul 28, 2026"
2026-07-26 04:30:00-06:00,2.9,304.0,15.0,8.4,8.1,197.0,"Jul 28, 2026"
2026-07-26 04:45:00-06:00,2.6,305.0,14.9,8.4,8.1,197.0,"Jul 28, 2026"
2026-07-26 05:00:00-06:00,2.8,305.0,14.8,8.5,8.1,197.0,"Jul 28, 2026"
2026-07-26 05:15:00-06:00,2.7,305.0,14.7,8.5,8.1,197.0,"Jul 28, 2026"
2026-07-26 05:30:00-06:00,2.6,305.0,14.5,8.5,8.1,197.0,"Jul 28, 2026"
2026-07-26 05:45:00-06:00,2.7,305.0,14.4,8.5,8.0,197.0,"Jul 28, 2026"
2026-07-26 06:00:00-06:00,2.6,306.0,14.4,8.6,8.1,197.0,"Jul 28, 2026"
2026-07-26 06:15:00-06:00,2.6,306.0,14.3,8.6,8.0,197.0,"Jul 28, 2026"
2026-07-26 06:30:00-06:00,2.6,306.0,14.2,8.6,8.0,197.0,"Jul 28, 2026"
2026-07-26 06:45:00-06:00,2.6,306.0,14.1,8.6,8.0,197.0,"Jul 28, 2026"
2026-07-26 07:00:00-06:00,2.6,306.0,14.0,8.7,8.0,197.0,"Jul 28, 2026"
2026-07-26 07:15:00-06:00,2.6,306.0,13.9,8.7,8.1,197.0,"Jul 28, 2026"
2026-07-26 07:30:00-06:00,2.7,306.0,13.8,8.7,8.1,197.0,"Jul 28, 2026"
2026-07-26 07:45:00-06:00,2.5,306.0,13.7,8.8,8.1,197.0,"Jul 28, 2026"
2026-07-26 08:00:00-06:00,2.5,307.0,13.6,8.8,8.1,197.0,"Jul 28, 2026"
2026-07-26 08:15:00-06:00,2.5,307.0,13.6,8.8,8.1,197.0,"Jul 28, 2026"
2026-07-26 08:30:00-06:00,2.5,307.0,13.5,8.8,8.1,197.0,"Jul 28, 2026"
2026-07-26 08:45:00-06:00,2.7,307.0,13.5,8.9,8.1,197.0,"Jul 28, 2026"
2026-07-26 09:00:00-06:00,2.8,307.0,13.4,8.9,8.1,197.0,"Jul 28, 2026"
2026-07-26 09:15:00-06:00,2.4,307.0,13.4,8.9,8.1,197.0,"Jul 28, 2026"
2026-07-26 09:30:00-06:00,2.6,307.0,13.5,8.9,8.2,197.0,"Jul 28, 2026"
2026-07-26 09:45:00-06:00,2.5,307.0,13.5,8.9,8.2,197.0,"Jul 28, 2026"
2026-07-26 10:00:00-06:00,2.4,307.0,13.6,8.9,8.2,194.0,"Jul 28, 2026"
2026-07-26 10:15:00-06:00,2.6,307.0,13.6,8.9,8.2,197.0,"Jul 28, 2026"
2026-07-26 10:30:00-06:00,3.2,307.0,13.6,8.9,8.2,197.0,"Jul 28, 2026"
2026-07-26 10:45:00-06:00,2.5,307.0,13.7,8.9,8.2,197.0,"Jul 28, 2026"
2026-07-26 11:00:00-06:00,2.4,306.0,13.7,8.9,8.2,197.0,"Jul 28, 2026"
2026-07-26 11:15:00-06:00,2.4,306.0,13.7,8.9,8.3,197.0,"Jul 28, 2026"
2026-07-26 11:30:00-06:00,2.4,306.0,13.8,8.8,8.3,197.0,"Jul 28, 2026"
2026-07-26 11:45:00-06:00,2.4,306.0,13.8,8.8,8.3,197.0,"Jul 28, 2026"
2026-07-26 12:00:00-06:00,2.4,306.0,13.8,8.8,8.3,197.0,"Jul 28, 2026"
2026-07-26 12:15:00-06:00,2.3,306.0,13.8,8.8,8.3,199.0,"Jul 28, 2026"
2026-07-26 12:30:00-06:00,2.3,306.0,13.9,8.8,8.3,197.0,"Jul 28, 2026"
2026-07-26 12:45:00-06:00,2.3,306.0,14.2,8.8,8.3,197.0,"Jul 28, 2026"
2026-07-26 13:00:00-06:00,2.3,306.0,14.5,8.7,8.3,197.0,"Jul 28, 2026"
2026-07-26 13:15:00-06:00,2.3,306.0,14.9,8.7,8.4,197.0,"Jul 28, 2026"
2026-07-26 13:30:00-06:00,2.2,306.0,15.2,8.6,8.4,197.0,"Jul 28, 2026"
2026-07-26 13:45:00-06:00,2.3,306.0,15.4,8.6,8.4,197.0,"Jul 28, 2026"
2026-07-26 14:00:00-06:00,2.1,306.0,15.6,8.5,8.4,197.0,"Jul 28, 2026"
2026-07-26 14:15:00-06:00,2.2,306.0,15.9,8.4,8.4,197.0,"Jul 28, 2026"
2026-07-26 14:30:00-06:00,2.5,306.0,16.2,8.4,8.4,197.0,"Jul 28, 2026"
2026-07-26 14:45:00-06:00,2.3,306.0,16.5,8.3,8.4,197.0,"Jul 28, 2026"
2026-07-26 15:00:00-06:00,2.4,306.0,16.8,8.3,8.4,197.0,"Jul 28, 2026"
2026-07-26 15:15:00-06:00,2.3,306.0,17.0,8.2,8.4,194.0,"Jul 28, 2026"
2026-07-26 15:30:00-06:00,2.3,306.0,16.9,8.2,8.4,197.0,"Jul 28, 2026"
2026-07-26 15:45:00-06:00,2.3,306.0,16.9,8.2,8.4,197.0,"Jul 28, 2026"
2026-07-26 16:00:00-06:00,2.4,306.0,16.9,8.2,8.4,194.0,"Jul 28, 2026"
2026-07-26 16:15:00-06:00,2.4,305.0,17.0,8.2,8.4,197.0,"Jul 28, 2026"
2026-07-26 16:30:00-06:00,2.4,305.0,17.1,8.2,8.5,197.0,"Jul 28, 2026"
2026-07-26 16:45:00-06:00,2.6,305.0,17.3,8.1,8.5,197.0,"Jul 28, 2026"
2026-07-26 17:00:00-06:00,2.2,305.0,17.2,8.1,8.5,197.0,"Jul 28, 2026"
2026-07-26 17:15:00-06:00,2.2,305.0,17.2,8.1,8.5,197.0,"Jul 28, 2026"
2026-07-26 17:30:00-06:00,2.3,305.0,17.3,8.1,8.5,194.0,"Jul 28, 2026"
2026-07-26 17:45:00-06:00,2.2,305.0,17.3,8.1,8.5,197.0,"Jul 28, 2026"
2026-07-26 18:00:00-06:00,2.1,305.0,17.3,8.1,8.5,197.0,"Jul 28, 2026"
2026-07-26 18:15:00-06:00,2.2,305.0,17.4,8.1,8.5,197.0,"Jul 28, 2026"
2026-07-26 18:30:00-06:00,2.2,305.0,17.4,8.1,8.5,197.0,"Jul 28, 2026"
2026-07-26 18:45:00-06:00,2.1,305.0,17.4,8.0,8.5,197.0,"Jul 28, 2026"
2026-07-26 19:00:00-06:00,2.1,305.0,17.4,8.0,8.5,197.0,"Jul 28, 2026"
2026-07-26 19:15:00-06:00,2.0,305.0,17.3,8.0,8.5,197.0,"Jul 28, 2026"
2026-07-26 19:30:00-06:00,2.1,306.0,17.3,8.0,8.5,197.0,"Jul 28, 2026"
2026-07-26 19:45:00-06:00,2.3,306.0,17.3,8.0,8.5,197.0,"Jul 28, 2026"
2026-07-26 20:00:00-06:00,2.3,307.0,17.3,8.0,8.5,197.0,"Jul 28, 2026"
2026-07-26 20:15:00-06:00,2.3,308.0,17.3,8.0,8.4,197.0,"Jul 28, 2026"
2026-07-26 20:30:00-06:00,2.5,308.0,17.3,8.0,8.4,197.0,"Jul 28, 2026"
2026-07-26 20:45:00-06:00,2.5,308.0,17.3,8.0,8.4,197.0,"Jul 28, 2026"
2026-07-26 21:00:00-06:00,2.3,308.0,17.2,8.0,8.4,197.0,"Jul 28, 2026"
2026-07-26 21:15:00-06:00,2.5,308.0,17.2,8.0,8.4,197.0,"Jul 28, 2026"
2026-07-26 21:30:00-06:00,2.5,308.0,17.2,8.0,8.4,197.0,"Jul 28, 2026"
2026-07-26 21:45:00-06:00,2.5,308.0,17.2,8.0,8.4,197.0,"Jul 28, 2026"
2026-07-26 22:00:00-06:00,2.7,308.0,17.1,8.0,8.4,199.0,"Jul 28, 2026"
2026-07-26 22:15:00-06:00,2.5,309.0,17.1,8.0,8.3,197.0,"Jul 28, 2026"
2026-07-26 22:30:00-06:00,2.6,309.0,17.0,8.1,8.3,199.0,"Jul 28, 2026"
2026-07-26 22:45:00-06:00,2.8,309.0,16.9,8.1,8.3,197.0,"Jul 28, 2026"
2026-07-26 23:00:00-06:00,2.6,309.0,16.9,8.1,8.3,197.0,"Jul 28, 2026"
2026-07-26 23:15:00-06:00,2.6,308.0,16.8,8.1,8.3,199.0,"Jul 28, 2026"
2026-07-26 23:30:00-06:00,2.8,309.0,16.8,8.1,8.3,197.0,"Jul 28, 2026"
2026-07-26 23:45:00-06:00,2.6,309.0,16.7,8.1,8.3,197.0,"Jul 28, 2026"
2026-07-27 00:00:00-06:00,2.6,309.0,16.6,8.1,8.3,197.0,"Jul 28, 2026"
2026-07-27 00:15:00-06:00,2.8,309.0,16.5,8.1,8.2,197.0,"Jul 28, 2026"
2026-07-27 00:30:00-06:00,2.8,309.0,16.5,8.2,8.2,197.0,"Jul 28, 2026"
2026-07-27 00:45:00-06:00,2.7,309.0,16.4,8.2,8.2,197.0,"Jul 28, 2026"
2026-07-27 01:00:00-06:00,2.7,309.0,16.3,8.2,8.2,197.0,"Jul 28, 2026"
2026-07-27 01:15:00-06:00,2.5,309.0,16.3,8.2,8.2,197.0,"Jul 28, 2026"
2026-07-27 01:30:00-06:00,2.5,309.0,16.2,8.2,8.2,197.0,"Jul 28, 2026"
2026-07-27 01:45:00-06:00,2.6,309.0,16.1,8.2,8.2,197.0,"Jul 28, 2026"
2026-07-27 02:00:00-06:00,2.7,309.0,16.1,8.2,8.2,197.0,"Jul 28, 2026"
2026-07-27 02:15:00-06:00,2.6,309.0,16.0,8.2,8.2,197.0,"Jul 28, 2026"
2026-07-27 02:30:00-06:00,2.5,309.0,15.9,8.2,8.2,197.0,"Jul 28, 2026"
2026-07-27 02:45:00-06:00,2.4,309.0,15.8,8.3,8.2,197.0,"Jul 28, 2026"
2026-07-27 03:00:00-06:00,2.4,309.0,15.8,8.3,8.2,197.0,"Jul 28, 2026"
2026-07-27 03:15:00-06:00,2.7,309.0,15.7,8.3,8.1,197.0,"Jul 28, 2026"
2026-07-27 03:30:00-06:00,2.6,309.0,15.6,8.3,8.1,197.0,"Jul 28, 2026"
2026-07-27 03:45:00-06:00,2.6,309.0,15.6,8.3,8.1,197.0,"Jul 28, 2026"
2026-07-27 04:00:00-06:00,2.4,309.0,15.5,8.3,8.1,197.0,"Jul 28, 2026"
2026-07-27 04:15:00-06:00,2.4,309.0,15.4,8.3,8.1,197.0,"Jul 28, 2026"
2026-07-27 04:30:00-06:00,2.5,309.0,15.4,8.4,8.1,197.0,"Jul 28, 2026"
2026-07-27 04:45:00-06:00,2.6,309.0,15.3,8.4,8.1,197.0,"Jul 28, 2026"
2026-07-27 05:00:00-06:00,2.4,309.0,15.2,8.4,8.1,197.0,"Jul 28, 2026"
2026-07-27 05:15:00-06:00,2.4,310.0,15.2,8.4,8.1,197.0,"Jul 28, 2026"
2026-07-27 05:30:00-06:00,2.6,310.0,15.1,8.4,8.1,197.0,"Jul 28, 2026"
2026-07-27 05:45:00-06:00,2.5,310.0,15.1,8.4,8.1,197.0,"Jul 28, 2026"
2026-07-27 06:00:00-06:00,2.6,310.0,15.0,8.4,8.1,197.0,"Jul 28, 2026"
2026-07-27 06:15:00-06:00,2.5,310.0,14.9,8.4,8.1,197.0,"Jul 28, 2026"
2026-07-27 06:30:00-06:00,2.4,310.0,14.9,8.5,8.1,197.0,"Jul 28, 2026"
2026-07-27 06:45:00-06:00,2.4,310.0,14.8,8.5,8.1,197.0,"Jul 28, 2026"
2026-07-27 07:00:00-06:00,2.5,311.0,14.7,8.5,8.1,197.0,"Jul 28, 2026"
2026-07-27 07:15:00-06:00,2.5,311.0,14.6,8.5,8.1,197.0,"Jul 28, 2026"
2026-07-27 07:30:00-06:00,2.5,311.0,14.6,8.6,8.1,197.0,"Jul 28, 2026"
2026-07-27 07:45:00-06:00,2.5,311.0,14.5,8.6,8.1,197.0,"Jul 28, 2026"
2026-07-27 08:00:00-06:00,2.6,311.0,14.5,8.6,8.1,197.0,"Jul 28, 2026"
2026-07-27 08:15:00-06:00,2.3,311.0,14.4,8.6,8.1,197.0,"Jul 28, 2026"
2026-07-27 08:30:00-06:00,2.4,311.0,14.4,8.6,8.1,197.0,"Jul 28, 2026"
2026-07-27 08:45:00-06:00,2.2,311.0,14.3,8.7,8.1,197.0,"Jul 28, 2026"
2026-07-27 09:00:00-06:00,2.4,311.0,14.3,8.7,8.1,197.0,"Jul 28, 2026"
2026-07-27 09:15:00-06:00,2.2,311.0,14.3,8.7,8.2,197.0,"Jul 28, 2026"
2026-07-27 09:30:00-06:00,2.3,311.0,14.3,8.7,8.2,197.0,"Jul 28, 2026"
2026-07-27 09:45:00-06:00,2.3,311.0,14.3,8.7,8.2,197.0,"Jul 28, 2026"
2026-07-27 10:00:00-06:00,2.4,311.0,14.4,8.7,8.2,197.0,"Jul 28, 2026"
2026-07-27 10:15:00-06:00,2.3,311.0,14.4,8.7,8.2,197.0,"Jul 28, 2026"
2026-07-27 10:30:00-06:00,2.3,311.0,14.5,8.7,8.2,197.0,"Jul 28, 2026"
2026-07-27 10:45:00-06:00,2.2,311.0,14.6,8.7,8.3,197.0,"Jul 28, 2026"
2026-07-27 11:00:00-06:00,2.3,311.0,14.8,8.7,8.3,197.0,"Jul 28, 2026"
2026-07-27 11:15:00-06:00,2.1,311.0,15.0,8.6,8.3,197.0,"Jul 28, 2026"
2026-07-27 11:30:00-06:00,2.1,310.0,15.3,8.6,8.3,197.0,"Jul 28, 2026"
2026-07-27 11:45:00-06:00,2.0,311.0,15.5,8.5,8.3,197.0,"Jul 28, 2026"
2026-07-27 12:00:00-06:00,2.0,311.0,15.7,8.5,8.3,197.0,"Jul 28, 2026"
2026-07-27 12:15:00-06:00,2.1,310.0,16.0,8.4,8.3,197.0,"Jul 28, 2026"
2026-07-27 12:30:00-06:00,2.1,310.0,16.1,8.4,8.4,197.0,"Jul 28, 2026"
2026-07-27 12:45:00-06:00,2.0,310.0,16.3,8.4,8.4,197.0,"Jul 28, 2026"
2026-07-27 13:00:00-06:00,1.9,310.0,16.6,8.3,8.4,197.0,"Jul 28, 2026"
2026-07-27 13:15:00-06:00,1.9,310.0,16.9,8.3,8.4,197.0,"Jul 28, 2026"
2026-07-27 13:30:00-06:00,1.8,310.0,17.0,8.2,8.4,197.0,"Jul 28, 2026"
2026-07-27 13:45:00-06:00,1.8,309.0,17.0,8.2,8.4,197.0,"Jul 28, 2026"
2026-07-27 14:00:00-06:00,1.9,309.0,17.1,8.2,8.4,197.0,"Jul 28, 2026"
2026-07-27 14:15:00-06:00,1.7,309.0,17.3,8.2,8.4,197.0,"Jul 28, 2026"
2026-07-27 14:30:00-06:00,1.8,309.0,17.6,8.1,8.4,197.0,"Jul 28, 2026"
2026-07-27 14:45:00-06:00,1.9,309.0,17.7,8.1,8.5,197.0,"Jul 28, 2026"
2026-07-27 15:00:00-06:00,1.8,309.0,17.8,8.1,8.5,197.0,"Jul 28, 2026"
2026-07-27 15:15:00-06:00,1.8,309.0,18.0,8.1,8.5,197.0,"Jul 28, 2026"
2026-07-27 15:30:00-06:00,1.7,309.0,18.1,8.0,8.5,199.0,"Jul 28, 2026"
2026-07-27 15:45:00-06:00,1.7,309.0,18.2,8.0,8.5,199.0,"Jul 28, 2026"
2026-07-27 16:00:00-06:00,2.1,308.0,18.3,8.0,8.5,202.0,"Jul 28, 2026"
2026-07-27 16:15:00-06:00,1.8,308.0,18.3,8.0,8.5,202.0,"Jul 28, 2026"
2026-07-27 16:30:00-06:00,1.7,308.0,18.5,7.9,8.5,202.0,"Jul 28, 2026"
2026-07-27 16:45:00-06:00,1.9,308.0,18.7,7.9,8.5,202.0,"Jul 28, 2026"
2026-07-27 17:00:00-06:00,1.9,308.0,18.7,7.9,8.5,204.0,"Jul 28, 2026"
2026-07-27 17:15:00-06:00,1.8,308.0,18.8,7.8,8.5,204.0,"Jul 28, 2026"
2026-07-27 17:30:00-06:00,1.7,308.0,18.7,7.8,8.5,202.0,"Jul 28, 2026"
2026-07-27 17:45:00-06:00,1.8,308.0,18.7,7.8,8.5,199.0,"Jul 28, 2026"
2026-07-27 18:00:00-06:00,1.7,308.0,18.7,7.8,8.5,199.0,"Jul 28, 2026"
2026-07-27 18:15:00-06:00,2.1,309.0,18.6,7.8,8.5,199.0,"Jul 28, 2026"
2026-07-27 18:30:00-06:00,1.7,309.0,18.6,7.8,8.5,197.0,"Jul 28, 2026"
2026-07-27 18:45:00-06:00,1.8,308.0,18.5,7.8,8.5,199.0,"Jul 28, 2026"
2026-07-27 19:00:00-06:00,1.8,308.0,18.4,7.8,8.4,197.0,"Jul 28, 2026"
2026-07-27 19:15:00-06:00,1.8,308.0,18.3,7.8,8.4,197.0,"Jul 28, 2026"
2026-07-27 19:30:00-06:00,1.8,308.0,18.2,7.9,8.4,197.0,"Jul 28, 2026"
2026-07-27 19:45:00-06:00,1.8,308.0,18.1,7.9,8.4,197.0,"Jul 28, 2026"
2026-07-27 20:00:00-06:00,1.8,308.0,18.0,7.9,8.4,197.0,"Jul 28, 2026"
2026-07-27 20:15:00-06:00,1.9,308.0,18.0,7.9,8.4,197.0,"Jul 28, 2026"
2026-07-27 20:30:00-06:00,1.8,308.0,17.9,7.9,8.4,197.0,"Jul 28, 2026"
2026-07-27 20:45:00-06:00,1.8,308.0,17.8,7.9,8.4,197.0,"Jul 28, 2026"
2026-07-27 21:00:00-06:00,1.9,308.0,17.7,7.9,8.4,197.0,"Jul 28, 2026"
2026-07-27 21:15:00-06:00,1.8,308.0,17.5,8.0,8.3,197.0,"Jul 28, 2026"
2026-07-27 21:30:00-06:00,2.0,308.0,17.4,8.0,8.3,194.0,"Jul 28, 2026"
2026-07-27 21:45:00-06:00,2.0,308.0,17.3,8.0,8.3,194.0,"Jul 28, 2026"
2026-07-27 22:00:00-06:00,1.9,308.0,17.3,8.0,8.3,194.0,"Jul 28, 2026"
2026-07-27 22:15:00-06:00,1.9,308.0,17.2,8.0,8.3,197.0,"Jul 28, 2026"
2026-07-27 22:30:00-06:00,1.9,308.0,17.1,8.0,8.2,197.0,"Jul 28, 2026"
2026-07-27 22:45:00-06:00,2.0,308.0,17.0,8.1,8.2,197.0,"Jul 28, 2026"
2026-07-27 23:00:00-06:00,2.2,308.0,16.9,8.1,8.2,197.0,"Jul 28, 2026"
2026-07-27 23:15:00-06:00,2.1,308.0,16.7,8.1,8.2,197.0,"Jul 28, 2026"
2026-07-27 23:30:00-06:00,2.1,308.0,16.6,8.1,8.2,197.0,"Jul 28, 2026"
2026-07-27 23:45:00-06:00,2.2,307.0,16.5,8.1,8.2,197.0,"Jul 28, 2026"
2026-07-28 00:00:00-06:00,2.1,307.0,16.4,8.2,8.2,197.0,"Jul 28, 2026"
2026-07-28 00:15:00-06:00,2.3,306.0,16.2,8.2,8.1,197.0,"Jul 28, 2026"
2026-07-28 00:30:00-06:00,3.0,302.0,16.1,8.2,8.1,197.0,"Jul 28, 2026"
2026-07-28 00:45:00-06:00,4.0,300.0,15.9,8.3,8.1,197.0,"Jul 28, 2026"
2026-07-28 01:00:00-06:00,4.3,299.0,15.8,8.3,8.1,197.0,"Jul 28, 2026"
2026-07-28 01:15:00-06:00,4.7,300.0,15.8,8.3,8.1,197.0,"Jul 28, 2026"
2026-07-28 01:30:00-06:00,4.2,300.0,15.7,8.3,8.1,197.0,"Jul 28, 2026"
2026-07-28 01:45:00-06:00,4.0,301.0,15.6,8.3,8.1,199.0,"Jul 28, 2026"
2026-07-28 02:00:00-06:00,4.2,302.0,15.6,8.3,8.1,197.0,"Jul 28, 2026"
2026-07-28 02:15:00-06:00,4.1,302.0,15.5,8.3,8.1,197.0,"Jul 28, 2026"
2026-07-28 02:30:00-06:00,4.1,302.0,15.5,8.3,8.1,197.0,"Jul 28, 2026"
2026-07-28 02:45:00-06:00,4.1,302.0,15.4,8.4,8.1,197.0,"Jul 28, 2026"
2026-07-28 03:00:00-06:00,3.9,302.0,15.4,8.4,8.1,197.0,"Jul 28, 2026"
2026-07-28 03:15:00-06:00,3.8,302.0,15.3,8.4,8.1,197.0,"Jul 28, 2026"
2026-07-28 03:30:00-06:00,3.7,302.0,15.2,8.4,8.1,197.0,"Jul 28, 2026"
2026-07-28 03:45:00-06:00,3.5,302.0,15.2,8.4,8.1,199.0,"Jul 28, 2026"
2026-07-28 04:00:00-06:00,4.2,302.0,15.1,8.4,8.1,197.0,"Jul 28, 2026"
2026-07-28 04:15:00-06:00,3.8,302.0,15.0,8.4,8.1,197.0,"Jul 28, 2026"
2026-07-28 04:30:00-06:00,3.6,302.0,15.0,8.4,8.1,197.0,"Jul 28, 2026"
2026-07-28 04:45:00-06:00,3.7,302.0,14.9,8.4,8.0,197.0,"Jul 28, 2026"
2026-07-28 05:00:00-06:00,4.2,302.0,14.8,8.5,8.0,197.0,"Jul 28, 2026"
2026-07-28 05:15:00-06:00,4.4,302.0,14.7,8.5,8.0,197.0,"Jul 28, 2026"
2026-07-28 05:30:00-06:00,5.2,302.0,14.6,8.5,8.0,197.0,"Jul 28, 2026"
2026-07-28 05:45:00-06:00,6.0,302.0,14.5,8.5,8.0,197.0,"Jul 28, 2026"
2026-07-28 06:00:00-06:00,9.3,302.0,14.4,8.5,8.0,197.0,"Jul 28, 2026"
2026-07-28 06:15:00-06:00,20.7,301.0,14.3,8.6,8.0,199.0,"Jul 28, 2026"
2026-07-28 06:30:00-06:00,47.2,299.0,14.2,8.6,8.0,199.0,"Jul 28, 2026"
2026-07-28 06:45:00-06:00,77.1,298.0,14.1,8.6,8.0,197.0,"Jul 28, 2026"
2026-07-28 07:00:00-06:00,103.0,297.0,14.1,8.6,8.0,199.0,"Jul 28, 2026"
2026-07-28 07:15:00-06:00,120.0,296.0,14.0,8.7,8.0,202.0,"Jul 28, 2026"
2026-07-28 07:30:00-06:00,121.0,296.0,13.9,8.7,8.0,199.0,"Jul 28, 2026"
2026-07-28 07:45:00-06:00,128.0,294.0,13.8,8.7,8.0,199.0,"Jul 28, 2026"
2026-07-28 08:00:00-06:00,142.0,291.0,13.7,8.7,8.0,199.0,"Jul 28, 2026"
2026-07-28 08:15:00-06:00,151.0,290.0,13.7,8.7,8.0,199.0,"Jul 28, 2026"
2026-07-28 08:30:00-06:00,142.0,291.0,13.6,8.7,8.0,199.0,"Jul 28, 2026"
2026-07-28 08:45:00-06:00,101.0,293.0,13.6,8.8,8.0,199.0,"Jul 28, 2026"
2026-07-28 09:00:00-06:00,88.1,295.0,13.6,8.8,8.0,199.0,"Jul 28, 2026"
2026-07-28 09:15:00-06:00,66.4,297.0,13.6,8.8,8.1,199.0,"Jul 28, 2026"
2026-07-28 09:30:00-06:00,48.8,299.0,13.7,8.8,8.1,199.0,"Jul 28, 2026"
2026-07-28 09:45:00-06:00,36.9,301.0,13.8,8.7,8.1,199.0,"Jul 28, 2026"
2026-07-28 10:00:00-06:00,28.2,302.0,14.0,8.7,8.1,197.0,"Jul 28, 2026"
2026-07-28 10:15:00-06:00,24.0,303.0,14.1,8.7,8.1,197.0,"Jul 28, 2026"
2026-07-28 10:30:00-06:00,20.5,304.0,14.3,8.7,8.2,197.0,"Jul 28, 2026"
2026-07-28 10:45:00-06:00,17.0,304.0,14.4,8.7,8.2,194.0,"Jul 28, 2026"
2026-07-28 11:00:00-06:00,15.1,304.0,14.6,8.6,8.2,197.0,"Jul 28, 2026"
2026-07-28 11:15:00-06:00,12.8,305.0,14.8,8.6,8.2,197.0,"Jul 28, 2026"
2026-07-28 11:30:00-06:00,11.9,305.0,15.1,8.6,8.2,197.0,"Jul 28, 2026"
2026-07-28 11:45:00-06:00,10.9,305.0,15.2,8.5,8.3,197.0,"Jul 28, 2026"
2026-07-28 12:00:00-06:00,10.4,305.0,15.3,8.5,8.3,199.0,"Jul 28, 2026"
2026-07-28 12:15:00-06:00,9.5,305.0,15.3,8.5,8.3,194.0,"Jul 28, 2026"
2026-07-28 12:30:00-06:00,9.0,305.0,15.4,8.5,8.3,192.0,"Jul 28, 2026"
2026-07-28 12:45:00-06:00,8.3,305.0,15.5,8.5,8.3,189.0,"Jul 28, 2026"
2026-07-28 13:00:00-06:00,7.8,305.0,15.7,8.4,8.3,187.0,"Jul 28, 2026"
2026-07-28 13:15:00-06:00,7.5,305.0,16.0,8.4,8.3,187.0,"Jul 28, 2026"
2026-07-28 13:30:00-06:00,7.1,305.0,16.1,8.4,8.3,184.0,"Jul 28, 2026"
2026-07-28 13:45:00-06:00,6.9,305.0,16.2,8.3,8.3,184.0,"Jul 28, 2026"
2026-07-28 14:00:00-06:00,6.9,305.0,16.2,8.3,8.3,184.0,"Jul 28, 2026"
2026-07-28 14:15:00-06:00,6.6,304.0,16.2,8.3,8.3,184.0,"Jul 28, 2026"
2026-07-28 14:30:00-06:00,6.2,304.0,16.2,8.3,8.3,187.0,"Jul 28, 2026"
2026-07-28 14:45:00-06:00,6.0,304.0,16.2,8.3,8.3,184.0,"Jul 28, 2026"
2026-07-28 15:00:00-06:00,6.2,304.0,16.3,8.3,8.4,187.0,"Jul 28, 2026"
2026-07-28 15:15:00-06:00,5.5,304.0,16.5,8.2,8.4,184.0,"Jul 28, 2026"
2026-07-28 15:30:00-06:00,5.6,304.0,16.6,8.2,8.4,184.0,"Jul 28, 2026"
2026-07-28 15:45:00-06:00,5.6,304.0,16.5,8.2,8.4,184.0,"Jul 28, 2026"
2026-07-28 16:00:00-06:00,5.4,304.0,16.5,8.2,8.4,184.0,"Jul 28, 2026"
2026-07-28 16:15:00-06:00,5.3,304.0,16.6,8.2,8.4,182.0,"Jul 28, 2026"
2026-07-28 16:30:00-06:00,4.9,304.0,16.6,8.2,8.4,184.0,"Jul 28, 2026"
2026-07-28 16:45:00-06:00,5.2,304.0,16.7,8.2,8.4,184.0,"Jul 28, 2026"
2026-07-28 17:00:00-06:00,4.8,304.0,16.8,8.2,8.4,184.0,"Jul 28, 2026"
2026-07-28 17:15:00-06:00,5.0,304.0,16.9,8.2,8.4,184.0,"Jul 28, 2026"
2026-07-28 17:30:00-06:00,4.8,304.0,17.0,8.2,8.4,184.0,"Jul 28, 2026"
2026-07-28 17:45:00-06:00,4.7,304.0,16.9,8.2,8.4,184.0,"Jul 28, 2026"
2026-07-28 18:00:00-06:00,4.4,303.0,16.9,8.2,8.4,184.0,"Jul 28, 2026"
2026-07-28 18:15:00-06:00,4.6,303.0,16.9,8.1,8.4,184.0,"Jul 28, 2026"
2026-07-28 18:30:00-06:00,4.5,303.0,17.0,8.1,8.4,182.0,"Jul 28, 2026"
2026-07-28 18:45:00-06:00,4.6,303.0,17.0,8.1,8.4,182.0,"Jul 28, 2026"
2026-07-28 19:00:00-06:00,4.5,303.0,17.0,8.1,8.4,184.0,"Jul 28, 2026"
2026-07-28 19:15:00-06:00,4.3,303.0,16.9,8.1,8.4,184.0,"Jul 28, 2026"
2026-07-28 19:30:00-06:00,4.3,303.0,16.9,8.1,8.4,184.0,"Jul 28, 2026"
2026-07-28 19:45:00-06:00,4.5,303.0,16.8,8.1,8.4,184.0,"Jul 28, 2026"
2026-07-28 20:00:00-06:00,4.3,303.0,16.8,8.1,8.4,184.0,"Jul 28, 2026"
2026-07-28 20:15:00-06:00,4.3,302.0,16.7,8.1,8.3,184.0,"Jul 28, 2026"
2026-07-28 20:30:00-06:00,4.3,302.0,16.7,8.1,8.3,184.0,"Jul 28, 2026"
2026-07-28 20:45:00-06:00,4.2,302.0,16.6,8.1,8.3,184.0,"Jul 28, 2026"
2026-07-28 21:00:00-06:00,4.4,302.0,16.6,8.1,8.3,184.0,"Jul 28, 2026"
2026-07-28 21:15:00-06:00,4.2,302.0,16.6,8.1,8.3,184.0,"Jul 28, 2026"
2026-07-28 21:30:00-06:00,4.4,302.0,16.5,8.1,8.3,184.0,"Jul 28, 2026"
2026-07-28 21:45:00-06:00,4.4,302.0,16.5,8.1,8.3,184.0,"Jul 28, 2026"
2026-07-28 22:00:00-06:00,4.4,301.0,16.5,8.1,8.3,184.0,"Jul 28, 2026"
2026-07-28 22:15:00-06:00,4.1,301.0,16.4,8.1,8.2,184.0,"Jul 28, 2026"
2026-07-28 22:30:00-06:00,4.5,301.0,16.4,8.2,8.2,184.0,"Jul 28, 2026"
2026-07-28 22:45:00-06:00,4.4,301.0,16.4,8.2,8.2,184.0,"Jul 28, 2026"
2026-07-28 23:00:00-06:00,4.0,301.0,16.4,8.2,8.2,184.0,"Jul 28, 2026"
2026-07-28 23:15:00-06:00,4.2,301.0,16.3,8.2,8.2,184.0,"Jul 28, 2026"
2026-07-28 23:30:00-06:00,4.2,301.0,16.3,8.2,8.2,184.0,"Jul 28, 2026"
2026-07-28 23:45:00-06:00,4.3,301.0,16.3,8.2,8.2,184.0,"Jul 28, 2026"
2026-07-29 00:00:00-06:00,4.2,301.0,16.2,8.2,8.1,184.0,"Jul 28, 2026"
2026-07-29 00:15:00-06:00,4.1,301.0,16.2,8.2,8.1,184.0,"Jul 28, 2026"
2026-07-29 00:30:00-06:00,4.4,301.0,16.1,8.2,8.1,184.0,"Jul 28, 2026"
2026-07-29 00:45:00-06:00,4.2,301.0,16.1,8.2,8.1,184.0,"Jul 28, 2026"
2026-07-29 01:00:00-06:00,4.2,301.0,16.0,8.2,8.1,184.0,"Jul 28, 2026"
2026-07-29 01:15:00-06:00,4.2,301.0,16.0,8.2,8.1,184.0,"Jul 28, 2026"
2026-07-29 01:30:00-06:00,4.0,301.0,15.9,8.3,8.1,184.0,"Jul 28, 2026"
2026-07-29 01:45:00-06:00,4.1,301.0,15.8,8.3,8.1,184.0,"Jul 28, 2026"
2026-07-29 02:00:00-06:00,4.3,301.0,15.8,8.3,8.1,184.0,"Jul 28, 2026"
2026-07-29 02:15:00-06:00,4.0,301.0,15.7,8.3,8.1,184.0,"Jul 28, 2026"
2026-07-29 02:30:00-06:00,4.2,301.0,15.6,8.3,8.1,184.0,"Jul 28, 2026"
2026-07-29 02:45:00-06:00,4.1,302.0,15.6,8.3,8.1,184.0,"Jul 28, 2026"
2026-07-29 03:00:00-06:00,3.9,302.0,15.5,8.3,8.1,184.0,"Jul 28, 2026"
2026-07-29 03:15:00-06:00,3.9,302.0,15.5,8.3,8.1,184.0,"Jul 28, 2026"
2026-07-29 03:30:00-06:00,4.0,302.0,15.4,8.3,8.1,184.0,"Jul 28, 2026"
2026-07-29 03:45:00-06:00,4.1,302.0,15.3,8.3,8.1,184.0,"Jul 28, 2026"
2026-07-29 04:00:00-06:00,4.0,302.0,15.3,8.4,8.1,184.0,"Jul 28, 2026"
2026-07-29 04:15:00-06:00,4.1,302.0,15.2,8.4,8.1,184.0,"Jul 28, 2026"
2026-07-29 04:30:00-06:00,4.3,302.0,15.1,8.4,8.1,184.0,"Jul 28, 2026"
2026-07-29 04:45:00-06:00,4.1,302.0,15.0,8.4,8.1,184.0,"Jul 28, 2026"
2026-07-29 05:00:00-06:00,4.3,302.0,14.9,8.4,8.1,184.0,"Jul 28, 2026"
2026-07-29 05:15:00-06:00,3.9,303.0,14.8,8.4,8.1,184.0,"Jul 28, 2026"
2026-07-29 05:30:00-06:00,3.9,303.0,14.8,8.4,8.1,184.0,"Jul 28, 2026"
2026-07-29 05:45:00-06:00,4.1,303.0,14.7,8.5,8.1,184.0,"Jul 28, 2026"
2026-07-29 06:00:00-06:00,3.8,303.0,14.6,8.5,8.1,184.0,"Jul 28, 2026"
2026-07-29 06:15:00-06:00,3.7,303.0,14.5,8.5,8.0,184.0,"Jul 28, 2026"
2026-07-29 06:30:00-06:00,3.8,304.0,14.4,8.5,8.0,184.0,"Jul 28, 2026"
2026-07-29 06:45:00-06:00,3.8,304.0,14.3,8.6,8.0,184.0,"Jul 28, 2026"
2026-07-29 07:00:00-06:00,3.9,304.0,14.2,8.6,8.1,184.0,"Jul 28, 2026"
2026-07-29 07:15:00-06:00,3.6,304.0,14.1,8.6,8.1,184.0,"Jul 28, 2026"
2026-07-29 07:30:00-06:00,3.6,304.0,14.0,8.6,8.1,184.0,"Jul 28, 2026"
2026-07-29 07:45:00-06:00,3.4,304.0,13.9,8.7,8.1,184.0,"Jul 28, 2026"
2026-07-29 08:00:00-06:00,3.5,305.0,13.8,8.7,8.1,184.0,"Jul 28, 2026"
2026-07-29 08:15:00-06:00,3.6,305.0,13.8,8.7,8.1,184.0,"Jul 28, 2026"
2026-07-29 08:30:00-06:00,3.4,305.0,13.7,8.7,8.1,184.0,"Jul 28, 2026"
2026-07-29 08:45:00-06:00,3.3,305.0,13.7,8.7,8.1,184.0,"Jul 28, 2026"
2026-07-29 09:00:00-06:00,3.3,305.0,13.7,8.8,8.1,184.0,"Jul 28, 2026"
2026-07-29 09:15:00-06:00,3.3,305.0,13.7,8.8,8.1,184.0,"Jul 28, 2026"
2026-07-29 09:30:00-06:00,3.4,305.0,13.8,8.8,8.1,184.0,"Jul 28, 2026"
2026-07-29 09:45:00-06:00,3.3,305.0,14.0,8.7,8.2,184.0,"Jul 28, 2026"
2026-07-29 10:00:00-06:00,3.3,305.0,14.1,8.7,8.2,184.0,"Jul 28, 2026"
2026-07-29 10:15:00-06:00,3.1,305.0,14.3,8.7,8.2,182.0,"Jul 28, 2026"
2026-07-29 10:30:00-06:00,3.1,305.0,14.4,8.7,8.2,182.0,"Jul 28, 2026"
2026-07-29 10:45:00-06:00,3.0,305.0,14.6,8.6,8.2,182.0,"Jul 28, 2026"
2026-07-29 11:00:00-06:00,3.1,305.0,14.9,8.6,8.2,184.0,"Jul 28, 2026"
2026-07-29 11:15:00-06:00,3.0,305.0,15.1,8.6,8.3,184.0,"Jul 28, 2026"
2026-07-29 11:30:00-06:00,3.0,305.0,15.3,8.5,8.3,184.0,"Jul 28, 2026"
2026-07-29 11:45:00-06:00,3.2,305.0,15.6,8.5,8.3,184.0,"Jul 28, 2026"
2026-07-29 12:00:00-06:00,2.9,305.0,15.7,8.4,8.3,184.0,"Jul 28, 2026"
2026-07-29 12:15:00-06:00,2.9,305.0,15.8,8.4,8.3,184.0,"Jul 28, 2026"
2026-07-29 12:30:00-06:00,2.9,305.0,15.8,8.4,8.3,184.0,"Jul 28, 2026"
2026-07-29 12:45:00-06:00,3.0,305.0,15.8,8.4,8.3,184.0,"Jul 28, 2026"
2026-07-29 13:00:00-06:00,2.9,305.0,15.8,8.4,8.3,184.0,"Jul 28, 2026"
2026-07-29 13:15:00-06:00,2.9,305.0,15.8,8.4,8.3,184.0,"Jul 28, 2026"
2026-07-29 13:30:00-06:00,2.6,304.0,15.9,8.4,8.4,184.0,"Jul 28, 2026"
2026-07-29 13:45:00-06:00,2.7,304.0,16.0,8.4,8.4,184.0,"Jul 28, 2026"
2026-07-29 14:00:00-06:00,2.6,304.0,16.1,8.4,8.4,182.0,"Jul 28, 2026"
2026-07-29 14:15:00-06:00,2.6,304.0,16.2,8.3,8.4,187.0,"Jul 28, 2026"
2026-07-29 14:30:00-06:00,2.7,304.0,16.2,8.3,8.4,189.0,"Jul 28, 2026"
2026-07-29 14:45:00-06:00,2.8,304.0,16.2,8.3,8.4,187.0,"Jul 28, 2026"
2026-07-29 15:00:00-06:00,2.9,304.0,16.1,8.3,8.4,187.0,"Jul 28, 2026"
2026-07-29 15:15:00-06:00,2.7,304.0,16.1,8.3,8.4,189.0,"Jul 28, 2026"
2026-07-29 15:30:00-06:00,2.5,304.0,16.2,8.2,8.4,189.0,"Jul 28, 2026"
2026-07-29 15:45:00-06:00,2.5,304.0,16.2,8.2,8.4,192.0,"Jul 28, 2026"
2026-07-29 16:00:00-06:00,2.6,304.0,16.2,8.2,8.4,194.0,"Jul 28, 2026"
2026-07-29 16:15:00-06:00,2.7,304.0,16.2,8.2,8.4,199.0,"Jul 28, 2026"
2026-07-29 16:30:00-06:00,2.7,304.0,16.2,8.3,8.4,202.0,"Jul 28, 2026"
2026-07-29 16:45:00-06:00,2.6,303.0,16.2,8.3,8.4,202.0,"Jul 28, 2026"
2026-07-29 17:00:00-06:00,2.7,303.0,16.3,8.3,8.4,199.0,"Jul 28, 2026"
2026-07-29 17:15:00-06:00,2.8,303.0,16.4,8.3,8.4,197.0,"Jul 28, 2026"
2026-07-29 17:30:00-06:00,2.5,303.0,16.4,8.3,8.4,192.0,"Jul 28, 2026"
2026-07-29 17:45:00-06:00,2.5,303.0,16.4,8.2,8.4,189.0,"Jul 28, 2026"
2026-07-29 18:00:00-06:00,2.6,303.0,16.4,8.2,8.4,189.0,"Jul 28, 2026"
2026-07-29 18:15:00-06:00,2.5,303.0,16.4,8.2,8.4,189.0,"Jul 28, 2026"
2026-07-29 18:30:00-06:00,2.5,303.0,16.3,8.3,8.4,187.0,"Jul 28, 2026"
2026-07-29 18:45:00-06:00,2.4,303.0,16.3,8.2,8.4,187.0,"Jul 28, 2026"
2026-07-29 19:00:00-06:00,2.5,302.0,16.2,8.3,8.4,187.0,"Jul 28, 2026"
2026-07-29 19:15:00-06:00,2.4,302.0,16.2,8.3,8.4,187.0,"Jul 28, 2026"
2026-07-29 19:30:00-06:00,2.4,302.0,16.2,8.2,8.4,187.0,"Jul 28, 2026"
2026-07-29 19:45:00-06:00,2.4,302.0,16.1,8.2,8.4,187.0,"Jul 28, 2026"
2026-07-29 20:00:00-06:00,2.4,302.0,16.1,8.2,8.4,187.0,"Jul 28, 2026"
2026-07-29 20:15:00-06:00,2.4,302.0,16.0,8.2,8.4,184.0,"Jul 28, 2026"
2026-07-29 20:30:00-06:00,2.4,302.0,15.9,8.3,8.3,187.0,"Jul 28, 2026"
2026-07-29 20:45:00-06:00,2.6,302.0,15.9,8.3,8.3,187.0,"Jul 28, 2026"
2026-07-29 21:00:00-06:00,2.5,303.0,15.8,8.3,8.3,184.0,"Jul 28, 2026"
2026-07-29 21:15:00-06:00,2.6,303.0,15.8,8.3,8.3,187.0,"Jul 28, 2026"
2026-07-29 21:30:00-06:00,2.5,303.0,15.8,8.3,8.3,184.0,"Jul 28, 2026"
2026-07-29 21:45:00-06:00,2.5,303.0,15.7,8.3,8.3,184.0,"Jul 28, 2026"
2026-07-29 22:00:00-06:00,2.5,303.0,15.7,8.3,8.3,187.0,"Jul 28, 2026"
2026-07-29 22:15:00-06:00,2.6,303.0,15.7,8.3,8.3,187.0,"Jul 28, 2026"
2026-07-29 22:30:00-06:00,2.8,304.0,15.6,8.3,8.3,187.0,"Jul 28, 2026"
2026-07-29 22:45:00-06:00,2.7,304.0,15.6,8.3,8.3,187.0,"Jul 28, 2026"
2026-07-29 23:00:00-06:00,2.7,304.0,15.6,8.3,8.2,184.0,"Jul 28, 2026"
2026-07-29 23:15:00-06:00,2.6,304.0,15.6,8.3,8.2,187.0,"Jul 28, 2026"
2026-07-29 23:30:00-06:00,2.7,304.0,15.6,8.3,8.2,184.0,"Jul 28, 2026"
2026-07-29 23:45:00-06:00,2.8,303.0,15.6,8.3,8.2,184.0,"Jul 28, 2026"
2026-07-30 00:00:00-06:00,2.7,303.0,15.6,8.3,8.2,187.0,"Jul 28, 2026"
2026-07-30 00:15:00-06:00,2.9,303.0,15.6,8.3,8.2,187.0,"Jul 28, 2026"
2026-07-30 00:30:00-06:00,2.6,303.0,15.5,8.3,8.2,187.0,"Jul 28, 2026"
2026-07-30 00:45:00-06:00,2.7,303.0,15.4,8.3,8.2,184.0,"Jul 28, 2026"
2026-07-30 01:00:00-06:00,2.6,303.0,15.4,8.3,8.2,187.0,"Jul 28, 2026"
2026-07-30 01:15:00-06:00,2.7,303.0,15.3,8.4,8.1,187.0,"Jul 28, 2026"
2026-07-30 01:30:00-06:00,2.8,303.0,15.2,8.4,8.1,187.0,"Jul 28, 2026"
2026-07-30 01:45:00-06:00,2.9,302.0,15.1,8.4,8.1,187.0,"Jul 28, 2026"
2026-07-30 02:00:00-06:00,2.7,302.0,15.1,8.4,8.1,187.0,"Jul 28, 2026"
2026-07-30 02:15:00-06:00,2.8,302.0,15.0,8.4,8.1,187.0,"Jul 28, 2026"
2026-07-30 02:30:00-06:00,2.7,302.0,14.9,8.4,8.1,187.0,"Jul 28, 2026"
2026-07-30 02:45:00-06:00,2.7,302.0,14.8,8.4,8.1,187.0,"Jul 28, 2026"
2026-07-30 03:00:00-06:00,2.8,301.0,14.7,8.5,8.1,187.0,"Jul 28, 2026"
2026-07-30 03:15:00-06:00,3.0,301.0,14.6,8.5,8.1,187.0,"Jul 28, 2026"
2026-07-30 03:30:00-06:00,2.8,301.0,14.5,8.5,8.1,187.0,"Jul 28, 2026"
2026-07-30 03:45:00-06:00,3.0,301.0,14.4,8.5,8.1,187.0,"Jul 28, 2026"
2026-07-30 04:00:00-06:00,2.9,301.0,14.4,8.5,8.1,187.0,"Jul 28, 2026"
2026-07-30 04:15:00-06:00,2.9,301.0,14.3,8.6,8.1,187.0,"Jul 28, 2026"
2026-07-30 04:30:00-06:00,2.9,301.0,14.2,8.6,8.1,187.0,"Jul 28, 2026"
2026-07-30 04:45:00-06:00,3.2,301.0,14.1,8.6,8.1,187.0,"Jul 28, 2026"
2026-07-30 05:00:00-06:00,2.8,301.0,14.0,8.6,8.1,187.0,"Jul 28, 2026"
2026-07-30 05:15:00-06:00,2.9,301.0,14.0,8.6,8.1,187.0,"Jul 28, 2026"
2026-07-30 05:30:00-06:00,3.1,300.0,13.9,8.6,8.1,187.0,"Jul 28, 2026"
2026-07-30 05:45:00-06:00,3.4,299.0,13.8,8.7,8.0,187.0,"Jul 28, 2026"
2026-07-30 06:00:00-06:00,3.2,299.0,13.7,8.7,8.0,187.0,"Jul 28, 2026"
2026-07-30 06:15:00-06:00,3.3,299.0,13.6,8.7,8.0,187.0,"Jul 28, 2026"
2026-07-30 06:30:00-06:00,3.2,300.0,13.5,8.7,8.0,187.0,"Jul 28, 2026"
2026-07-30 06:45:00-06:00,3.3,300.0,13.4,8.8,8.1,187.0,"Jul 28, 2026"
2026-07-30 07:00:00-06:00,3.2,300.0,13.3,8.8,8.1,187.0,"Jul 28, 2026"
2026-07-30 07:15:00-06:00,3.5,300.0,13.3,8.8,8.1,184.0,"Jul 28, 2026"
2026-07-30 07:30:00-06:00,3.3,300.0,13.2,8.8,8.1,184.0,"Jul 28, 2026"
2026-07-30 07:45:00-06:00,3.1,299.0,13.2,8.9,8.1,184.0,"Jul 28, 2026"
2026-07-30 08:00:00-06:00,3.1,299.0,13.1,8.9,8.1,184.0,"Jul 28, 2026"
2026-07-30 08:15:00-06:00,3.3,299.0,13.1,8.9,8.1,187.0,"Jul 28, 2026"
2024-04-13 16:45:00-06:00,,,11.2,9.7,8.5,205.0,"Apr 16, 2024"
2024-04-13 17:00:00-06:00,,265.0,11.3,9.7,8.5,205.0,"Apr 16, 2024"
2024-04-13 17:15:00-06:00,,265.0,11.3,9.6,8.5,205.0,"Apr 16, 2024"
2024-04-13 17:30:00-06:00,,264.0,11.3,9.6,8.5,207.0,"Apr 16, 2024"
2024-04-13 17:45:00-06:00,8.2,264.0,11.3,9.6,8.5,205.0,"Apr 16, 2024"
2024-04-13 18:00:00-06:00,8.2,264.0,11.3,9.6,8.5,205.0,"Apr 16, 2024"
2024-04-13 18:15:00-06:00,9.4,263.0,11.3,9.6,8.5,205.0,"Apr 16, 2024"
2024-04-13 18:30:00-06:00,8.8,263.0,11.3,9.6,8.5,205.0,"Apr 16, 2024"
2024-04-13 18:45:00-06:00,,262.0,11.2,9.6,8.5,205.0,"Apr 16, 2024"
2024-04-13 19:00:00-06:00,8.7,262.0,11.2,9.6,8.5,205.0,"Apr 16, 2024"
2024-04-13 19:15:00-06:00,9.1,262.0,11.1,9.6,8.5,205.0,"Apr 16, 2024"
2024-04-13 19:30:00-06:00,,263.0,11.1,9.6,8.5,205.0,"Apr 16, 2024"
2024-04-13 19:45:00-06:00,10.3,262.0,11.1,9.6,8.5,205.0,"Apr 16, 2024"
2024-04-13 20:00:00-06:00,8.4,262.0,11.1,9.6,8.5,205.0,"Apr 16, 2024"
2024-04-13 20:15:00-06:00,8.5,262.0,11.0,9.5,8.5,205.0,"Apr 16, 2024"
2024-04-13 20:30:00-06:00,9.6,263.0,11.0,9.6,8.5,205.0,"Apr 16, 2024"
2024-04-13 20:45:00-06:00,,262.0,11.0,9.6,8.4,205.0,"Apr 16, 2024"
2024-04-13 21:00:00-06:00,10.0,262.0,10.9,9.6,8.4,205.0,"Apr 16, 2024"
2024-04-13 21:15:00-06:00,9.6,262.0,10.9,9.6,8.4,205.0,"Apr 16, 2024"
2024-04-13 21:30:00-06:00,9.0,262.0,10.8,9.6,8.4,205.0,"Apr 16, 2024"
2024-04-13 21:45:00-06:00,9.4,262.0,10.7,9.6,8.4,205.0,"Apr 16, 2024"
2024-04-13 22:00:00-06:00,8.1,263.0,10.7,9.7,8.4,205.0,"Apr 16, 2024"
2024-04-13 22:15:00-06:00,,263.0,10.6,9.7,8.4,205.0,"Apr 16, 2024"
2024-04-13 22:30:00-06:00,,263.0,10.5,9.7,8.4,205.0,"Apr 16, 2024"
2024-04-13 22:45:00-06:00,9.9,,10.5,9.7,8.4,205.0,"Apr 16, 2024"
2024-04-13 23:00:00-06:00,8.6,263.0,10.4,9.7,8.4,205.0,"Apr 16, 2024"
2024-04-13 23:15:00-06:00,9.4,263.0,10.3,9.7,8.3,205.0,"Apr 16, 2024"
2024-04-13 23:30:00-06:00,8.4,263.0,10.3,9.8,8.3,205.0,"Apr 16, 2024"
2024-04-13 23:45:00-06:00,8.3,264.0,10.2,9.8,8.3,205.0,"Apr 16, 2024"
2024-04-14 00:00:00-06:00,9.3,264.0,10.1,9.8,8.3,205.0,"Apr 16, 2024"
2024-04-14 00:15:00-06:00,9.7,264.0,10.0,9.8,8.3,205.0,"Apr 16, 2024"
2024-04-14 00:30:00-06:00,9.4,264.0,9.9,9.9,8.3,205.0,"Apr 16, 2024"
2024-04-14 00:45:00-06:00,9.2,264.0,9.8,9.9,8.3,205.0,"Apr 16, 2024"
2024-04-14 01:00:00-06:00,9.4,265.0,9.7,9.9,8.3,205.0,"Apr 16, 2024"
2024-04-14 01:15:00-06:00,8.9,265.0,9.6,9.9,8.3,208.0,"Apr 16, 2024"
2024-04-14 01:30:00-06:00,8.8,265.0,9.5,9.9,8.3,205.0,"Apr 16, 2024"
2024-04-14 01:45:00-06:00,8.3,265.0,9.4,10.0,8.3,205.0,"Apr 16, 2024"
2024-04-14 02:00:00-06:00,9.8,265.0,9.3,10.0,8.2,208.0,"Apr 16, 2024"
2024-04-14 02:15:00-06:00,8.6,265.0,9.2,10.0,8.2,208.0,"Apr 16, 2024"
2024-04-14 02:30:00-06:00,10.0,265.0,9.1,10.0,8.2,208.0,"Apr 16, 2024"
2024-04-14 02:45:00-06:00,9.1,266.0,9.0,10.1,8.2,208.0,"Apr 16, 2024"
2024-04-14 03:00:00-06:00,8.5,266.0,8.9,10.1,8.2,208.0,"Apr 16, 2024"
2024-04-14 03:15:00-06:00,9.3,266.0,8.7,10.1,8.2,208.0,"Apr 16, 2024"
2024-04-14 03:30:00-06:00,9.1,266.0,8.6,10.2,8.2,208.0,"Apr 16, 2024"
2024-04-14 03:45:00-06:00,9.8,266.0,8.5,10.2,8.2,208.0,"Apr 16, 2024"
2024-04-14 04:00:00-06:00,8.8,266.0,8.4,10.2,8.2,208.0,"Apr 16, 2024"
2024-04-14 04:15:00-06:00,10.4,266.0,8.3,10.3,8.2,208.0,"Apr 16, 2024"
2024-04-14 04:30:00-06:00,8.7,266.0,8.1,10.3,8.2,208.0,"Apr 16, 2024"
2024-04-14 04:45:00-06:00,10.1,,8.0,10.3,8.2,208.0,"Apr 16, 2024"
2024-04-14 05:00:00-06:00,9.4,266.0,7.9,10.4,8.2,208.0,"Apr 16, 2024"
2024-04-14 05:15:00-06:00,9.1,266.0,7.8,10.4,8.2,208.0,"Apr 16, 2024"
2024-04-14 05:30:00-06:00,9.4,266.0,7.7,10.4,8.2,208.0,"Apr 16, 2024"
2024-04-14 05:45:00-06:00,9.1,266.0,7.5,10.4,8.2,208.0,"Apr 16, 2024"
2024-04-14 06:00:00-06:00,9.1,267.0,7.4,10.5,8.2,208.0,"Apr 16, 2024"
2024-04-14 06:15:00-06:00,10.0,267.0,7.3,10.5,8.2,208.0,"Apr 16, 2024"
2024-04-14 06:30:00-06:00,8.0,267.0,7.2,10.6,8.2,208.0,"Apr 16, 2024"
2024-04-14 06:45:00-06:00,8.6,267.0,7.1,10.6,8.2,208.0,"Apr 16, 2024"
2024-04-14 07:00:00-06:00,8.1,267.0,7.0,10.6,8.2,208.0,"Apr 16, 2024"
2024-04-14 07:15:00-06:00,8.2,267.0,6.8,10.7,8.2,208.0,"Apr 16, 2024"
2024-04-14 07:30:00-06:00,8.8,267.0,6.7,10.7,8.2,208.0,"Apr 16, 2024"
2024-04-14 07:45:00-06:00,8.3,267.0,6.6,10.7,8.2,211.0,"Apr 16, 2024"
2024-04-14 08:00:00-06:00,8.4,267.0,6.5,10.8,8.2,208.0,"Apr 16, 2024"
2024-04-14 08:15:00-06:00,8.4,267.0,6.4,10.8,8.2,211.0,"Apr 16, 2024"
2024-04-14 08:30:00-06:00,8.6,267.0,6.4,10.8,8.2,208.0,"Apr 16, 2024"
2024-04-14 08:45:00-06:00,9.9,267.0,6.3,10.9,8.2,208.0,"Apr 16, 2024"
2024-04-14 09:00:00-06:00,8.8,267.0,6.2,10.9,8.2,208.0,"Apr 16, 2024"
2024-04-14 09:15:00-06:00,9.5,267.0,6.3,10.9,8.3,208.0,"Apr 16, 2024"
2024-04-14 09:30:00-06:00,8.5,267.0,6.3,10.9,8.3,208.0,"Apr 16, 2024"
2024-04-14 09:45:00-06:00,8.0,267.0,6.3,10.9,8.3,211.0,"Apr 16, 2024"
2024-04-14 10:00:00-06:00,8.5,267.0,6.5,10.9,8.3,211.0,"Apr 16, 2024"
2024-04-14 10:15:00-06:00,8.2,267.0,6.7,10.9,8.3,208.0,"Apr 16, 2024"
2024-04-14 10:30:00-06:00,8.8,266.0,6.8,10.8,8.3,211.0,"Apr 16, 2024"
2024-04-14 10:45:00-06:00,12.4,266.0,7.1,10.7,8.3,208.0,"Apr 16, 2024"
2024-04-14 11:00:00-06:00,9.8,266.0,7.3,10.7,8.3,208.0,"Apr 16, 2024"
2024-04-14 11:15:00-06:00,,266.0,7.6,10.5,8.2,208.0,"Apr 16, 2024"
2024-04-14 11:30:00-06:00,,266.0,7.9,10.5,8.3,208.0,"Apr 16, 2024"
2024-04-14 11:45:00-06:00,11.8,265.0,8.2,10.5,8.3,208.0,"Apr 16, 2024"
2024-04-14 12:00:00-06:00,10.3,265.0,8.5,10.4,8.3,211.0,"Apr 16, 2024"
2024-04-14 12:15:00-06:00,11.9,264.0,8.9,10.2,8.4,211.0,"Apr 16, 2024"
2024-04-14 12:30:00-06:00,10.6,,9.2,10.2,8.4,208.0,"Apr 16, 2024"
2024-04-14 12:45:00-06:00,9.2,264.0,9.6,10.1,8.4,211.0,"Apr 16, 2024"
2024-04-14 13:00:00-06:00,12.5,263.0,9.9,10.0,8.4,211.0,"Apr 16, 2024"
2024-04-14 13:15:00-06:00,10.4,263.0,10.2,10.0,8.4,211.0,"Apr 16, 2024"
2024-04-14 13:30:00-06:00,10.0,262.0,10.5,9.9,8.4,211.0,"Apr 16, 2024"
2024-04-14 13:45:00-06:00,11.4,262.0,10.9,9.8,8.4,211.0,"Apr 16, 2024"
2024-04-14 14:00:00-06:00,10.2,262.0,11.1,9.7,8.5,211.0,"Apr 16, 2024"
2024-04-14 14:15:00-06:00,9.4,261.0,11.4,9.7,8.5,211.0,"Apr 16, 2024"
2024-04-14 14:30:00-06:00,10.0,261.0,11.7,9.6,8.5,211.0,"Apr 16, 2024"
2024-04-14 14:45:00-06:00,11.5,260.0,12.0,9.6,8.5,211.0,"Apr 16, 2024"
2024-04-14 15:00:00-06:00,10.4,260.0,12.2,9.5,8.5,211.0,"Apr 16, 2024"
2024-04-14 15:15:00-06:00,9.8,259.0,12.5,9.5,8.5,211.0,"Apr 16, 2024"
2024-04-14 15:30:00-06:00,10.6,259.0,12.7,9.4,8.5,211.0,"Apr 16, 2024"
2024-04-14 15:45:00-06:00,12.3,258.0,12.9,9.4,8.5,211.0,"Apr 16, 2024"
2024-04-14 16:00:00-06:00,11.8,258.0,13.0,9.3,8.5,211.0,"Apr 16, 2024"
2024-04-14 16:15:00-06:00,,258.0,13.1,9.2,8.5,211.0,"Apr 16, 2024"
2024-04-14 16:30:00-06:00,9.4,257.0,13.2,9.2,8.5,211.0,"Apr 16, 2024"
2024-04-14 16:45:00-06:00,9.9,257.0,13.3,9.2,8.5,211.0,"Apr 16, 2024"
2024-04-14 17:00:00-06:00,10.1,257.0,13.3,9.2,8.6,211.0,"Apr 16, 2024"
2024-04-14 17:15:00-06:00,9.6,256.0,13.3,9.2,8.6,211.0,"Apr 16, 2024"
2024-04-14 17:30:00-06:00,,256.0,13.3,9.1,8.5,211.0,"Apr 16, 2024"
2024-04-14 17:45:00-06:00,10.8,256.0,13.3,9.1,8.5,211.0,"Apr 16, 2024"
2024-04-14 18:00:00-06:00,11.1,256.0,13.2,9.1,8.5,211.0,"Apr 16, 2024"
2024-04-14 18:15:00-06:00,11.5,255.0,13.2,9.1,8.5,211.0,"Apr 16, 2024"
2024-04-14 18:30:00-06:00,10.4,255.0,13.2,9.1,8.5,211.0,"Apr 16, 2024"
2024-04-14 18:45:00-06:00,10.0,255.0,13.1,9.1,8.5,211.0,"Apr 16, 2024"
2024-04-14 19:00:00-06:00,9.7,255.0,13.1,9.1,8.5,211.0,"Apr 16, 2024"
2024-04-14 19:15:00-06:00,9.3,255.0,13.0,9.2,8.5,211.0,"Apr 16, 2024"
2024-04-14 19:30:00-06:00,9.3,255.0,12.9,9.2,8.5,211.0,"Apr 16, 2024"
2024-04-14 19:45:00-06:00,9.0,255.0,12.8,9.2,8.5,211.0,"Apr 16, 2024"
2024-04-14 20:00:00-06:00,8.9,255.0,12.7,9.2,8.5,211.0,"Apr 16, 2024"
2024-04-14 20:15:00-06:00,8.9,254.0,12.7,9.2,8.5,211.0,"Apr 16, 2024"
2024-04-14 20:30:00-06:00,9.0,255.0,12.6,9.2,8.5,211.0,"Apr 16, 2024"
2024-04-14 20:45:00-06:00,10.4,255.0,12.5,9.2,8.5,214.0,"Apr 16, 2024"
2024-04-14 21:00:00-06:00,9.6,255.0,12.5,9.2,8.5,211.0,"Apr 16, 2024"
2024-04-14 21:15:00-06:00,8.9,255.0,12.4,9.3,8.4,211.0,"Apr 16, 2024"
2024-04-14 21:30:00-06:00,9.9,256.0,12.3,9.3,8.4,211.0,"Apr 16, 2024"
2024-04-14 21:45:00-06:00,10.2,256.0,12.2,9.3,8.4,214.0,"Apr 16, 2024"
2024-04-14 22:00:00-06:00,9.2,256.0,12.1,9.3,8.4,214.0,"Apr 16, 2024"
2024-04-14 22:15:00-06:00,9.4,256.0,11.9,9.3,8.4,212.0,"Apr 16, 2024"
2024-04-14 22:30:00-06:00,9.7,256.0,11.8,9.4,8.4,214.0,"Apr 16, 2024"
2024-04-14 22:45:00-06:00,12.3,256.0,11.7,9.4,8.4,212.0,"Apr 16, 2024"
2024-04-14 23:00:00-06:00,9.2,256.0,11.6,9.4,8.4,214.0,"Apr 16, 2024"
2024-04-14 23:15:00-06:00,9.7,259.0,11.6,9.4,8.4,212.0,"Apr 16, 2024"
2024-04-14 23:30:00-06:00,9.6,257.0,11.5,9.4,8.3,214.0,"Apr 16, 2024"
2024-04-14 23:45:00-06:00,10.0,257.0,11.4,9.4,8.3,214.0,"Apr 16, 2024"
2024-04-15 00:00:00-06:00,9.3,258.0,11.3,9.5,8.3,214.0,"Apr 16, 2024"
2024-04-15 00:15:00-06:00,9.5,258.0,11.2,9.5,8.3,214.0,"Apr 16, 2024"
2024-04-15 00:30:00-06:00,10.2,258.0,11.1,9.5,8.3,214.0,"Apr 16, 2024"
2024-04-15 00:45:00-06:00,9.8,258.0,11.0,9.5,8.3,214.0,"Apr 16, 2024"
2024-04-15 01:00:00-06:00,9.9,259.0,10.8,9.6,8.3,214.0,"Apr 16, 2024"
2024-04-15 01:15:00-06:00,10.1,259.0,10.7,9.6,8.2,214.0,"Apr 16, 2024"
2024-04-15 01:30:00-06:00,10.5,259.0,10.6,9.6,8.3,214.0,"Apr 16, 2024"
2024-04-15 01:45:00-06:00,9.9,259.0,10.5,9.7,8.3,214.0,"Apr 16, 2024"
2024-04-15 02:00:00-06:00,10.9,260.0,10.3,9.7,8.2,217.0,"Apr 16, 2024"
2024-04-15 02:15:00-06:00,8.9,260.0,10.2,9.7,8.2,214.0,"Apr 16, 2024"
2024-04-15 02:30:00-06:00,9.6,260.0,10.1,9.7,8.2,214.0,"Apr 16, 2024"
2024-04-15 02:45:00-06:00,9.4,260.0,9.9,9.8,8.2,217.0,"Apr 16, 2024"
2024-04-15 03:00:00-06:00,8.8,260.0,9.8,9.8,8.2,217.0,"Apr 16, 2024"
2024-04-15 03:15:00-06:00,9.6,261.0,9.7,9.8,8.2,217.0,"Apr 16, 2024"
2024-04-15 03:30:00-06:00,9.9,261.0,9.6,9.8,8.2,217.0,"Apr 16, 2024"
2024-04-15 03:45:00-06:00,10.4,261.0,9.4,9.9,8.2,217.0,"Apr 16, 2024"
2024-04-15 04:00:00-06:00,9.4,261.0,9.3,9.9,8.2,217.0,"Apr 16, 2024"
2024-04-15 04:15:00-06:00,9.4,261.0,9.2,9.9,8.2,217.0,"Apr 16, 2024"
2024-04-15 04:30:00-06:00,9.6,261.0,9.0,9.9,8.2,217.0,"Apr 16, 2024"
2024-04-15 04:45:00-06:00,12.3,261.0,8.9,10.0,8.2,217.0,"Apr 16, 2024"
2024-04-15 05:00:00-06:00,11.0,261.0,8.8,10.0,8.2,217.0,"Apr 16, 2024"
2024-04-15 05:15:00-06:00,10.1,261.0,8.6,10.1,8.2,217.0,"Apr 16, 2024"
2024-04-15 05:30:00-06:00,10.5,261.0,8.5,10.1,8.2,217.0,"Apr 16, 2024"
2024-04-15 05:45:00-06:00,9.9,261.0,8.4,10.1,8.2,217.0,"Apr 16, 2024"
2024-04-15 06:00:00-06:00,10.3,261.0,8.2,10.2,8.2,217.0,"Apr 16, 2024"
2024-04-15 06:15:00-06:00,10.1,261.0,8.1,10.2,8.2,217.0,"Apr 16, 2024"
2024-04-15 06:30:00-06:00,9.7,261.0,7.9,10.2,8.2,217.0,"Apr 16, 2024"
2024-04-15 06:45:00-06:00,9.9,261.0,7.8,10.3,8.2,220.0,"Apr 16, 2024"
2024-04-15 07:00:00-06:00,10.6,261.0,7.6,10.3,8.2,217.0,"Apr 16, 2024"
2024-04-15 07:15:00-06:00,11.0,261.0,7.5,10.3,8.2,217.0,"Apr 16, 2024"
2024-04-15 07:30:00-06:00,9.9,261.0,7.4,10.4,8.2,220.0,"Apr 16, 2024"
2024-04-15 07:45:00-06:00,10.1,261.0,7.2,10.4,8.2,220.0,"Apr 16, 2024"
2024-04-15 08:00:00-06:00,10.7,260.0,7.1,10.5,8.2,220.0,"Apr 16, 2024"
2024-04-15 08:15:00-06:00,,260.0,7.0,10.5,8.2,220.0,"Apr 16, 2024"
2024-04-15 08:30:00-06:00,10.8,260.0,6.9,10.6,8.2,220.0,"Apr 16, 2024"
2024-04-15 08:45:00-06:00,10.1,260.0,6.8,10.6,8.2,220.0,"Apr 16, 2024"
2024-04-15 09:00:00-06:00,10.4,260.0,6.7,10.6,8.2,220.0,"Apr 16, 2024"
2024-04-15 09:15:00-06:00,10.7,259.0,6.7,10.6,8.2,223.0,"Apr 16, 2024"
2024-04-15 09:30:00-06:00,11.1,259.0,6.7,10.6,8.2,223.0,"Apr 16, 2024"
2024-04-15 09:45:00-06:00,11.1,259.0,6.8,10.6,8.3,220.0,"Apr 16, 2024"
2024-04-15 10:00:00-06:00,10.5,259.0,6.9,10.6,8.3,220.0,"Apr 16, 2024"
2024-04-15 10:15:00-06:00,9.7,259.0,7.1,10.6,8.3,220.0,"Apr 16, 2024"
2024-04-15 10:30:00-06:00,10.7,259.0,7.2,10.6,8.3,220.0,"Apr 16, 2024"
2024-04-15 10:45:00-06:00,10.8,259.0,7.4,10.5,8.3,220.0,"Apr 16, 2024"
2024-04-15 11:00:00-06:00,10.8,259.0,7.6,10.5,8.3,220.0,"Apr 16, 2024"
2024-04-15 11:15:00-06:00,11.0,258.0,7.9,10.4,8.3,223.0,"Apr 16, 2024"
2024-04-15 11:30:00-06:00,11.5,258.0,8.1,10.4,8.3,223.0,"Apr 16, 2024"
2024-04-15 11:45:00-06:00,10.5,258.0,8.4,10.3,8.4,220.0,"Apr 16, 2024"
2024-04-15 12:00:00-06:00,11.0,258.0,8.7,10.2,8.4,220.0,"Apr 16, 2024"
2024-04-15 12:15:00-06:00,9.9,258.0,9.0,10.1,8.4,223.0,"Apr 16, 2024"
2024-04-15 12:30:00-06:00,10.5,257.0,9.3,10.1,8.4,220.0,"Apr 16, 2024"
2024-04-15 12:45:00-06:00,11.5,257.0,9.6,10.0,8.4,223.0,"Apr 16, 2024"
2024-04-15 13:00:00-06:00,12.3,256.0,9.9,9.9,8.4,223.0,"Apr 16, 2024"
2024-04-15 13:15:00-06:00,17.1,255.0,10.2,9.9,8.4,221.0,"Apr 16, 2024"
2024-04-15 13:30:00-06:00,12.9,255.0,10.4,9.8,8.4,223.0,"Apr 16, 2024"
2024-04-15 13:45:00-06:00,13.4,254.0,10.7,9.7,8.4,226.0,"Apr 16, 2024"
2024-04-15 14:00:00-06:00,12.3,254.0,10.9,9.7,8.4,226.0,"Apr 16, 2024"
2024-04-15 14:15:00-06:00,9.9,253.0,11.2,9.7,8.5,229.0,"Apr 16, 2024"
2024-04-15 14:30:00-06:00,,253.0,11.4,9.6,8.5,235.0,"Apr 16, 2024"
2024-04-15 14:45:00-06:00,10.7,252.0,11.5,9.5,8.5,229.0,"Apr 16, 2024"
2024-04-15 15:00:00-06:00,12.9,251.0,11.7,9.5,8.5,226.0,"Apr 16, 2024"
2024-04-15 15:15:00-06:00,11.8,251.0,11.9,9.5,8.5,223.0,"Apr 16, 2024"
2024-04-15 15:30:00-06:00,11.1,250.0,12.0,9.4,8.5,223.0,"Apr 16, 2024"
2024-04-15 15:45:00-06:00,11.3,250.0,12.1,9.4,8.5,223.0,"Apr 16, 2024"
2024-04-15 16:00:00-06:00,9.8,249.0,12.2,9.4,8.5,223.0,"Apr 16, 2024"
2024-04-15 16:15:00-06:00,10.8,249.0,12.1,9.3,8.5,223.0,"Apr 16, 2024"
2024-04-15 16:30:00-06:00,10.1,248.0,12.1,9.4,8.5,223.0,"Apr 16, 2024"
2024-04-15 16:45:00-06:00,11.3,248.0,12.0,9.4,8.6,223.0,"Apr 16, 2024"
2024-04-15 17:00:00-06:00,13.1,248.0,11.9,9.4,8.5,223.0,"Apr 16, 2024"
2024-04-15 17:15:00-06:00,12.1,248.0,11.9,9.4,8.5,221.0,"Apr 16, 2024"
2024-04-15 17:30:00-06:00,11.8,248.0,11.8,9.4,8.6,223.0,"Apr 16, 2024"
2024-04-15 17:45:00-06:00,11.5,248.0,11.7,9.4,8.5,223.0,"Apr 16, 2024"
2024-04-15 18:00:00-06:00,11.4,248.0,11.6,9.4,8.5,223.0,"Apr 16, 2024"
2024-04-15 18:15:00-06:00,,248.0,11.4,9.4,8.5,221.0,"Apr 16, 2024"
2024-04-15 18:30:00-06:00,12.5,248.0,11.3,9.4,8.5,221.0,"Apr 16, 2024"
2024-04-15 18:45:00-06:00,11.3,248.0,11.2,9.4,8.5,221.0,"Apr 16, 2024"
2024-04-15 19:00:00-06:00,9.8,248.0,11.2,9.4,8.5,221.0,"Apr 16, 2024"
2024-04-15 19:15:00-06:00,,246.0,11.2,9.4,8.4,221.0,"Apr 16, 2024"
2024-04-15 19:30:00-06:00,10.2,248.0,11.1,9.5,8.5,221.0,"Apr 16, 2024"
2024-04-15 19:45:00-06:00,9.5,248.0,11.0,9.5,8.5,221.0,"Apr 16, 2024"
2024-04-15 20:00:00-06:00,10.3,248.0,10.9,9.5,8.5,223.0,"Apr 16, 2024"
2024-04-15 20:15:00-06:00,10.7,248.0,10.9,9.5,8.5,223.0,"Apr 16, 2024"
2024-04-15 20:30:00-06:00,10.1,248.0,10.8,9.5,8.5,221.0,"Apr 16, 2024"
2024-04-15 20:45:00-06:00,9.3,249.0,10.8,9.6,8.5,221.0,"Apr 16, 2024"
2024-04-15 21:00:00-06:00,9.7,249.0,10.7,9.6,8.5,223.0,"Apr 16, 2024"
2024-04-15 21:15:00-06:00,10.1,249.0,10.6,9.6,8.5,221.0,"Apr 16, 2024"
2024-04-15 21:30:00-06:00,10.4,249.0,10.5,9.6,8.5,221.0,"Apr 16, 2024"
2024-04-15 21:45:00-06:00,10.6,249.0,10.4,9.6,8.5,221.0,"Apr 16, 2024"
2024-04-15 22:00:00-06:00,11.1,249.0,10.3,9.6,8.4,221.0,"Apr 16, 2024"
2024-04-15 22:15:00-06:00,10.1,249.0,10.2,9.7,8.4,221.0,"Apr 16, 2024"
2024-04-15 22:30:00-06:00,9.8,250.0,10.2,9.7,8.4,221.0,"Apr 16, 2024"
2024-04-15 22:45:00-06:00,10.1,250.0,10.1,9.7,8.4,223.0,"Apr 16, 2024"
2024-04-15 23:00:00-06:00,9.9,250.0,10.0,9.7,8.4,221.0,"Apr 16, 2024"
2024-04-15 23:15:00-06:00,10.2,250.0,9.9,9.7,8.4,223.0,"Apr 16, 2024"
2024-04-15 23:30:00-06:00,11.8,251.0,9.9,9.7,8.4,223.0,"Apr 16, 2024"
2024-04-15 23:45:00-06:00,10.1,251.0,9.8,9.8,8.4,223.0,"Apr 16, 2024"
2024-04-16 00:00:00-06:00,10.0,252.0,9.7,9.8,8.4,221.0,"Apr 16, 2024"
2024-04-16 00:15:00-06:00,10.3,252.0,9.6,9.8,8.3,223.0,"Apr 16, 2024"
2024-04-16 00:30:00-06:00,10.5,252.0,9.6,9.8,8.3,221.0,"Apr 16, 2024"
2024-04-16 00:45:00-06:00,10.0,253.0,9.5,9.8,8.3,223.0,"Apr 16, 2024"
2024-04-16 01:00:00-06:00,10.6,253.0,9.5,9.8,8.3,223.0,"Apr 16, 2024"
2024-04-16 01:15:00-06:00,9.8,253.0,9.4,9.8,8.3,223.0,"Apr 16, 2024"
2024-04-16 01:30:00-06:00,10.7,254.0,9.3,9.9,8.3,223.0,"Apr 16, 2024"
2024-04-16 01:45:00-06:00,10.1,254.0,9.2,9.9,8.3,223.0,"Apr 16, 2024"
2024-04-16 02:00:00-06:00,10.7,254.0,9.2,9.9,8.3,223.0,"Apr 16, 2024"
2024-04-16 02:15:00-06:00,10.7,254.0,9.1,9.9,8.2,223.0,"Apr 16, 2024"
2024-04-16 02:30:00-06:00,10.8,254.0,9.0,9.9,8.2,223.0,"Apr 16, 2024"
2024-04-16 02:45:00-06:00,9.7,254.0,9.0,10.0,8.2,223.0,"Apr 16, 2024"
2024-04-16 03:00:00-06:00,9.6,255.0,8.9,10.0,8.2,223.0,"Apr 16, 2024"
2024-04-16 03:15:00-06:00,10.7,255.0,8.9,10.0,8.2,223.0,"Apr 16, 2024"
2024-04-16 03:30:00-06:00,10.4,255.0,8.8,10.0,8.2,223.0,"Apr 16, 2024"
2024-04-16 03:45:00-06:00,9.2,255.0,8.7,10.0,8.2,223.0,"Apr 16, 2024"
2024-04-16 04:00:00-06:00,10.5,256.0,8.7,10.0,8.2,223.0,"Apr 16, 2024"
2024-04-16 04:15:00-06:00,11.0,256.0,8.6,10.0,8.2,223.0,"Apr 16, 2024"
2024-04-16 04:30:00-06:00,10.4,256.0,8.6,10.1,8.2,223.0,"Apr 16, 2024"
2024-04-16 04:45:00-06:00,11.8,256.0,8.5,10.1,8.2,223.0,"Apr 16, 2024"
2024-04-16 05:00:00-06:00,11.2,257.0,8.4,10.1,8.2,223.0,"Apr 16, 2024"
2024-04-16 05:15:00-06:00,11.1,257.0,8.4,10.1,8.2,223.0,"Apr 16, 2024"
2024-04-16 05:30:00-06:00,10.8,257.0,8.3,10.1,8.2,223.0,"Apr 16, 2024"
2024-04-16 05:45:00-06:00,10.6,257.0,8.3,10.2,8.2,223.0,"Apr 16, 2024"
2024-04-16 06:00:00-06:00,9.7,257.0,8.2,10.2,8.2,223.0,"Apr 16, 2024"
2024-04-16 06:15:00-06:00,12.2,257.0,8.1,10.2,8.2,223.0,"Apr 16, 2024"
2024-04-16 06:30:00-06:00,11.4,257.0,8.0,10.2,8.2,223.0,"Apr 16, 2024"
2024-04-16 06:45:00-06:00,11.8,257.0,7.9,10.2,8.2,226.0,"Apr 16, 2024"
2024-04-16 07:00:00-06:00,11.7,257.0,7.9,10.2,8.2,226.0,"Apr 16, 2024"
2024-04-16 07:15:00-06:00,10.7,256.0,7.8,10.3,8.2,223.0,"Apr 16, 2024"
2024-04-16 07:30:00-06:00,11.7,255.0,7.7,10.3,8.2,226.0,"Apr 16, 2024"
2024-04-16 07:45:00-06:00,12.1,255.0,7.7,10.3,8.2,226.0,"Apr 16, 2024"
2024-04-16 08:00:00-06:00,10.9,255.0,7.6,10.3,8.2,223.0,"Apr 16, 2024"
2024-04-16 08:15:00-06:00,9.8,254.0,7.5,10.4,8.2,223.0,"Apr 16, 2024"
2024-04-16 08:30:00-06:00,10.5,255.0,7.5,10.4,8.2,223.0,"Apr 16, 2024"
2024-04-16 08:45:00-06:00,10.6,254.0,7.5,10.4,8.2,223.0,"Apr 16, 2024"
2024-04-16 09:00:00-06:00,10.1,254.0,7.5,10.4,8.2,226.0,"Apr 16, 2024"
2024-04-16 09:15:00-06:00,10.5,254.0,7.5,10.4,8.2,226.0,"Apr 16, 2024"
2024-04-16 09:30:00-06:00,11.3,255.0,7.5,10.4,8.2,226.0,"Apr 16, 2024"
2024-04-16 09:45:00-06:00,11.1,255.0,7.5,10.4,8.3,226.0,"Apr 16, 2024"
2024-04-16 10:00:00-06:00,10.7,255.0,7.6,10.4,8.3,226.0,"Apr 16, 2024"
2024-04-16 10:15:00-06:00,10.3,255.0,7.7,10.4,8.3,226.0,"Apr 16, 2024"
2024-04-16 10:30:00-06:00,10.9,255.0,7.7,10.4,8.3,223.0,"Apr 16, 2024"
2024-04-16 10:45:00-06:00,11.1,255.0,7.8,10.3,8.3,226.0,"Apr 16, 2024"
2024-04-16 11:00:00-06:00,11.6,255.0,8.0,10.3,8.3,226.0,"Apr 16, 2024"
2024-04-16 11:15:00-06:00,10.5,255.0,8.0,10.3,8.3,223.0,"Apr 16, 2024"
2024-04-16 11:30:00-06:00,12.6,255.0,8.1,10.3,8.3,223.0,"Apr 16, 2024"
2024-04-16 11:45:00-06:00,12.0,255.0,8.3,10.2,8.3,218.0,"Apr 16, 2024"
2024-04-16 12:00:00-06:00,11.1,255.0,8.3,10.2,8.3,210.0,"Apr 16, 2024"
2024-04-16 12:15:00-06:00,11.7,255.0,8.4,10.2,8.3,202.0,"Apr 16, 2024"
2024-04-16 12:30:00-06:00,13.1,254.0,8.5,10.2,8.3,199.0,"Apr 16, 2024"
2024-04-16 12:45:00-06:00,10.8,254.0,8.7,10.2,8.4,197.0,"Apr 16, 2024"
2024-04-16 13:00:00-06:00,11.0,254.0,8.9,10.1,8.4,197.0,"Apr 16, 2024"
2024-04-16 13:15:00-06:00,11.2,254.0,9.2,10.1,8.4,192.0,"Apr 16, 2024"
2024-04-16 13:30:00-06:00,12.1,253.0,9.5,10.0,8.4,187.0,"Apr 16, 2024"
2024-04-16 13:45:00-06:00,12.5,253.0,9.7,9.9,8.4,184.0,"Apr 16, 2024"
2024-04-16 14:00:00-06:00,12.7,253.0,9.9,9.9,8.4,182.0,"Apr 16, 2024"
2024-04-16 14:15:00-06:00,19.8,253.0,10.0,9.8,8.4,179.0,"Apr 16, 2024"
2024-04-16 14:30:00-06:00,18.7,253.0,10.1,9.8,8.4,182.0,"Apr 16, 2024"
2024-04-16 14:45:00-06:00,20.0,252.0,10.2,9.8,8.4,182.0,"Apr 16, 2024"
2024-04-16 15:00:00-06:00,21.0,252.0,10.4,9.6,8.4,179.0,"Apr 16, 2024"
2024-04-16 15:15:00-06:00,19.9,252.0,10.7,9.6,8.4,182.0,"Apr 16, 2024"
2024-04-16 15:30:00-06:00,20.1,252.0,10.9,9.6,8.4,179.0,"Apr 16, 2024"
2024-04-16 15:45:00-06:00,24.1,252.0,11.1,,8.2,179.0,"Apr 16, 2024"
2024-04-16 15:53:00-06:00,,254.0,,,,,"Apr 16, 2024"
2024-04-16 16:00:00-06:00,56.3,,11.2,,8.3,179.0,"Apr 16, 2024"
2024-04-16 16:08:00-06:00,,254.0,,,,,"Apr 16, 2024"
2024-04-16 16:15:00-06:00,84.2,252.0,11.3,,8.3,179.0,"Apr 16, 2024"
2024-04-16 16:30:00-06:00,91.8,251.0,11.4,8.7,8.3,179.0,"Apr 16, 2024"
2024-04-16 16:45:00-06:00,143.0,251.0,11.5,8.6,8.1,182.0,"Apr 16, 2024"
2024-04-16 17:00:00-06:00,75.6,251.0,11.6,8.6,8.2,182.0,"Apr 16, 2024"
2024-04-16 17:15:00-06:00,89.5,251.0,11.7,8.7,8.3,179.0,"Apr 16, 2024"
2024-04-16 17:30:00-06:00,57.4,251.0,11.8,8.8,8.3,179.0,"Apr 16, 2024"
2024-04-16 17:45:00-06:00,59.0,251.0,11.8,8.8,8.2,179.0,"Apr 16, 2024"
2024-04-16 18:00:00-06:00,88.1,250.0,11.9,9.1,8.3,177.0,"Apr 16, 2024"
2024-04-16 18:15:00-06:00,93.6,250.0,11.9,9.0,8.3,179.0,"Apr 16, 2024"
2024-04-16 18:30:00-06:00,61.3,250.0,12.0,8.9,8.3,179.0,"Apr 16, 2024"
2024-04-16 18:45:00-06:00,62.8,249.0,12.0,9.0,8.2,177.0,"Apr 16, 2024"
2024-04-16 19:00:00-06:00,65.6,249.0,12.0,8.9,8.3,177.0,"Apr 16, 2024"
2024-04-16 19:15:00-06:00,45.7,248.0,11.9,8.9,8.3,177.0,"Apr 16, 2024"
2024-04-16 19:30:00-06:00,17.5,248.0,11.8,9.1,8.3,179.0,"Apr 16, 2024"
2024-04-16 19:45:00-06:00,35.8,247.0,11.7,9.1,8.3,177.0,"Apr 16, 2024"
2024-04-16 20:00:00-06:00,55.3,246.0,11.6,9.2,8.3,177.0,"Apr 16, 2024"
2024-04-16 20:15:00-06:00,38.0,246.0,11.5,9.3,8.3,177.0,"Apr 16, 2024"
2024-04-16 20:30:00-06:00,28.0,246.0,11.4,9.3,8.4,177.0,"Apr 16, 2024"
2024-04-16 20:45:00-06:00,29.9,245.0,11.3,9.4,8.3,177.0,"Apr 16, 2024"
2024-04-16 21:00:00-06:00,27.6,245.0,11.2,9.4,8.3,177.0,"Apr 16, 2024"
2024-04-16 21:15:00-06:00,32.5,245.0,11.1,9.4,8.3,179.0,"Apr 16, 2024"
2024-04-16 21:30:00-06:00,22.9,245.0,11.1,9.4,8.3,177.0,"Apr 16, 2024"
2024-04-16 21:45:00-06:00,31.9,245.0,11.0,9.4,8.3,179.0,"Apr 16, 2024"
2024-04-16 22:00:00-06:00,33.1,245.0,10.9,9.4,8.3,179.0,"Apr 16, 2024"
2024-04-16 22:15:00-06:00,26.5,245.0,10.8,9.4,8.3,179.0,"Apr 16, 2024"
2024-04-16 22:30:00-06:00,25.9,245.0,10.8,9.5,8.3,179.0,"Apr 16, 2024"
2024-04-16 22:45:00-06:00,30.0,246.0,10.7,9.5,8.2,177.0,"Apr 16, 2024"
2024-04-16 23:00:00-06:00,27.3,246.0,10.6,9.6,8.3,179.0,"Apr 16, 2024"
2024-04-16 23:15:00-06:00,18.6,246.0,10.5,9.6,8.3,177.0,"Apr 16, 2024"
2024-04-16 23:30:00-06:00,22.6,246.0,10.4,9.6,8.2,179.0,"Apr 16, 2024"
2024-04-16 23:45:00-06:00,25.7,247.0,10.3,9.6,8.2,177.0,"Apr 16, 2024"
2024-04-17 00:00:00-06:00,22.3,247.0,10.2,9.6,8.2,179.0,"Apr 16, 2024"
2024-04-17 00:15:00-06:00,20.1,247.0,10.2,9.6,8.2,177.0,"Apr 16, 2024"
2024-04-17 00:30:00-06:00,15.3,248.0,10.1,9.6,8.2,177.0,"Apr 16, 2024"
2024-04-17 00:45:00-06:00,13.1,248.0,10.0,9.7,8.2,179.0,"Apr 16, 2024"
2024-04-17 01:00:00-06:00,15.5,248.0,9.9,9.7,8.2,177.0,"Apr 16, 2024"
2024-04-17 01:15:00-06:00,16.1,248.0,9.7,9.8,8.2,179.0,"Apr 16, 2024"
2024-04-17 01:30:00-06:00,10.9,248.0,9.6,9.8,8.2,177.0,"Apr 16, 2024"
2024-04-17 01:45:00-06:00,23.0,249.0,9.5,9.8,8.2,177.0,"Apr 16, 2024"
2024-04-17 02:00:00-06:00,13.3,249.0,9.4,9.8,8.2,179.0,"Apr 16, 2024"
2024-04-17 02:15:00-06:00,16.0,249.0,9.3,9.8,8.1,179.0,"Apr 16, 2024"
2024-04-17 02:30:00-06:00,16.7,249.0,9.2,9.9,8.2,177.0,"Apr 16, 2024"
2024-04-17 02:45:00-06:00,20.0,249.0,9.1,9.9,8.1,179.0,"Apr 16, 2024"
2024-04-17 03:00:00-06:00,17.1,249.0,9.0,9.9,8.1,179.0,"Apr 16, 2024"
2024-04-17 03:15:00-06:00,13.5,249.0,9.0,10.0,8.1,179.0,"Apr 16, 2024"
2024-04-17 03:30:00-06:00,14.0,249.0,8.9,10.0,8.1,177.0,"Apr 16, 2024"
2024-04-17 03:45:00-06:00,16.4,249.0,8.8,9.9,8.1,179.0,"Apr 16, 2024"
2024-04-17 04:00:00-06:00,15.0,249.0,8.7,10.0,8.1,179.0,"Apr 16, 2024"
2024-04-17 04:15:00-06:00,12.9,249.0,8.6,10.1,8.1,179.0,"Apr 16, 2024"
2024-04-17 04:30:00-06:00,13.4,250.0,8.5,10.1,8.1,179.0,"Apr 16, 2024"
2024-04-17 04:45:00-06:00,12.5,250.0,8.5,10.1,8.1,179.0,"Apr 16, 2024"
2024-04-17 05:00:00-06:00,14.0,250.0,8.4,10.1,8.1,179.0,"Apr 16, 2024"
2024-04-17 05:15:00-06:00,14.3,250.0,8.3,10.1,8.1,179.0,"Apr 16, 2024"
2024-04-17 05:30:00-06:00,12.9,250.0,8.2,10.2,8.1,179.0,"Apr 16, 2024"
2024-04-17 05:45:00-06:00,12.8,251.0,8.1,10.2,8.1,179.0,"Apr 16, 2024"
2024-04-17 06:00:00-06:00,12.0,250.0,8.0,10.2,8.1,179.0,"Apr 16, 2024"
2024-04-17 06:15:00-06:00,13.8,250.0,7.9,10.2,8.1,179.0,"Apr 16, 2024"
2024-04-17 06:30:00-06:00,12.4,250.0,7.8,10.3,8.1,179.0,"Apr 16, 2024"
2024-04-17 06:45:00-06:00,14.9,250.0,7.7,10.2,8.1,179.0,"Apr 16, 2024"
2024-04-17 07:00:00-06:00,15.7,250.0,7.6,10.3,8.1,179.0,"Apr 16, 2024"
2024-04-17 07:15:00-06:00,15.8,250.0,7.5,10.3,8.1,179.0,"Apr 16, 2024"
2024-04-17 07:30:00-06:00,11.2,250.0,7.4,10.3,8.1,177.0,"Apr 16, 2024"
2024-04-17 07:45:00-06:00,11.2,250.0,7.4,10.4,8.1,179.0,"Apr 16, 2024"
2024-04-17 08:00:00-06:00,13.2,250.0,7.3,10.4,8.1,179.0,"Apr 16, 2024"
2024-04-17 08:15:00-06:00,10.8,250.0,7.2,10.4,8.1,179.0,"Apr 16, 2024"
2024-04-17 08:30:00-06:00,15.9,250.0,7.2,10.4,8.1,179.0,"Apr 16, 2024"
2024-04-17 08:45:00-06:00,12.8,250.0,7.1,10.5,8.1,179.0,"Apr 16, 2024"
2024-04-17 09:00:00-06:00,14.1,250.0,7.1,10.5,8.2,179.0,"Apr 16, 2024"
2024-04-17 09:15:00-06:00,11.6,250.0,7.0,10.5,8.2,179.0,"Apr 16, 2024"
2024-04-17 09:30:00-06:00,12.6,250.0,7.1,10.5,8.2,179.0,"Apr 16, 2024"
2024-04-17 09:45:00-06:00,13.3,250.0,7.1,10.4,8.2,179.0,"Apr 16, 2024"
2024-04-17 10:00:00-06:00,9.7,250.0,7.2,10.5,8.2,179.0,"Apr 16, 2024"
2024-04-17 10:15:00-06:00,22.2,250.0,7.4,10.5,8.2,179.0,"Apr 16, 2024"
2024-04-17 10:30:00-06:00,11.0,250.0,7.6,10.4,8.2,179.0,"Apr 16, 2024"
2024-04-17 10:45:00-06:00,14.9,250.0,7.8,10.4,8.2,179.0,"Apr 16, 2024"
2024-04-17 11:00:00-06:00,11.5,250.0,8.0,10.3,8.3,179.0,"Apr 16, 2024"
2024-04-17 11:15:00-06:00,11.2,250.0,8.3,10.3,8.3,179.0,"Apr 16, 2024"
2024-04-17 11:30:00-06:00,10.9,250.0,8.6,10.1,8.3,179.0,"Apr 16, 2024"
2024-04-17 11:45:00-06:00,10.9,250.0,8.9,10.1,8.3,179.0,"Apr 16, 2024"
2024-04-17 12:00:00-06:00,13.9,250.0,9.3,10.0,8.3,179.0,"Apr 16, 2024"
2024-04-17 12:15:00-06:00,12.4,250.0,9.6,9.8,8.3,179.0,"Apr 16, 2024"
2024-04-17 12:30:00-06:00,11.1,249.0,9.8,9.8,8.3,179.0,"Apr 16, 2024"
2024-04-17 12:45:00-06:00,10.7,249.0,10.0,9.9,8.3,179.0,"Apr 16, 2024"
2024-04-17 13:00:00-06:00,11.0,249.0,10.2,9.7,8.3,179.0,"Apr 16, 2024"
2024-04-17 13:15:00-06:00,11.3,249.0,10.3,9.7,8.3,179.0,"Apr 16, 2024"
2024-04-17 13:30:00-06:00,15.9,249.0,10.5,9.6,8.3,179.0,"Apr 16, 2024"
2024-04-17 13:45:00-06:00,12.8,249.0,10.8,9.5,8.3,182.0,"Apr 16, 2024"
2024-04-17 14:00:00-06:00,13.0,248.0,11.1,9.4,8.3,179.0,"Apr 16, 2024"
2024-04-17 14:15:00-06:00,15.5,248.0,11.3,9.4,8.4,179.0,"Apr 16, 2024"
2024-04-17 14:30:00-06:00,13.0,248.0,11.4,9.4,8.4,177.0,"Apr 16, 2024"
2024-04-17 14:45:00-06:00,13.7,248.0,11.6,9.3,8.4,172.0,"Apr 16, 2024"
2024-04-17 15:00:00-06:00,15.2,248.0,11.7,9.2,8.4,170.0,"Apr 16, 2024"
2024-04-17 15:15:00-06:00,11.6,248.0,11.8,9.3,8.4,167.0,"Apr 16, 2024"
2024-04-17 15:30:00-06:00,12.3,247.0,11.9,9.3,8.4,165.0,"Apr 16, 2024"
2024-04-17 15:45:00-06:00,13.0,247.0,12.0,9.2,8.4,165.0,"Apr 16, 2024"
2024-04-17 16:00:00-06:00,17.3,247.0,12.1,9.1,8.4,163.0,"Apr 16, 2024"
2024-04-17 16:15:00-06:00,13.4,246.0,12.2,9.2,8.4,163.0,"Apr 16, 2024"
2024-04-17 16:30:00-06:00,11.8,246.0,12.3,9.1,8.4,163.0,"Apr 16, 2024"
2024-04-17 16:45:00-06:00,14.2,246.0,12.4,9.1,8.4,165.0,"Apr 16, 2024"
2024-04-17 17:00:00-06:00,16.7,246.0,12.5,9.1,8.4,163.0,"Apr 16, 2024"
2024-04-17 17:15:00-06:00,29.3,246.0,12.6,9.1,8.3,163.0,"Apr 16, 2024"
2024-04-17 17:30:00-06:00,27.4,245.0,12.7,9.0,8.4,163.0,"Apr 16, 2024"
2024-04-17 17:45:00-06:00,24.2,246.0,12.8,8.9,8.4,163.0,"Apr 16, 2024"
2024-04-17 18:00:00-06:00,31.1,246.0,12.9,8.8,8.4,165.0,"Apr 16, 2024"
2024-04-17 18:15:00-06:00,17.9,245.0,12.8,8.9,8.4,163.0,"Apr 16, 2024"
2024-04-17 18:30:00-06:00,25.2,245.0,12.8,8.9,8.4,163.0,"Apr 16, 2024"
2024-04-17 18:45:00-06:00,25.6,245.0,12.7,9.0,8.4,163.0,"Apr 16, 2024"
2024-04-17 19:00:00-06:00,24.0,245.0,12.6,8.9,8.4,163.0,"Apr 16, 2024"
2024-04-17 19:15:00-06:00,27.5,247.0,12.6,8.9,8.4,163.0,"Apr 16, 2024"
2024-04-17 19:30:00-06:00,49.5,245.0,12.6,8.7,8.4,163.0,"Apr 16, 2024"
2024-04-17 19:45:00-06:00,33.5,245.0,12.6,9.0,8.4,165.0,"Apr 16, 2024"
2024-04-17 20:00:00-06:00,22.2,244.0,12.5,9.0,8.4,165.0,"Apr 16, 2024"
2024-04-17 20:15:00-06:00,21.6,244.0,12.4,9.1,8.4,165.0,"Apr 16, 2024"
2024-04-17 20:30:00-06:00,14.1,245.0,12.3,9.1,8.4,165.0,"Apr 16, 2024"
2024-04-17 20:45:00-06:00,15.8,245.0,12.2,9.2,8.4,165.0,"Apr 16, 2024"
2024-04-17 21:00:00-06:00,23.6,245.0,12.0,9.2,8.4,165.0,"Apr 16, 2024"
2024-04-17 21:15:00-06:00,16.4,245.0,11.9,9.2,8.4,165.0,"Apr 16, 2024"
2024-04-17 21:30:00-06:00,20.6,245.0,11.8,9.2,8.3,165.0,"Apr 16, 2024"
2024-04-17 21:45:00-06:00,17.1,245.0,11.7,9.2,8.3,165.0,"Apr 16, 2024"
2024-04-17 22:00:00-06:00,19.3,244.0,11.6,9.3,8.3,163.0,"Apr 16, 2024"
2024-04-17 22:15:00-06:00,16.5,244.0,11.5,9.3,8.3,165.0,"Apr 16, 2024"
2024-04-17 22:30:00-06:00,12.1,244.0,11.4,9.4,8.3,165.0,"Apr 16, 2024"
2024-04-17 22:45:00-06:00,13.1,244.0,11.3,9.4,8.3,165.0,"Apr 16, 2024"
2024-04-17 23:00:00-06:00,17.7,244.0,11.2,9.4,8.3,165.0,"Apr 16, 2024"
2024-04-17 23:15:00-06:00,14.6,243.0,11.1,9.4,8.3,163.0,"Apr 16, 2024"
2024-04-17 23:30:00-06:00,17.3,243.0,11.0,9.4,8.3,165.0,"Apr 16, 2024"
2024-04-17 23:45:00-06:00,15.7,243.0,10.9,9.4,8.3,165.0,"Apr 16, 2024"
2024-04-18 00:00:00-06:00,14.1,243.0,10.8,9.5,8.3,163.0,"Apr 16, 2024"
2024-04-18 00:15:00-06:00,13.6,243.0,10.8,9.5,8.2,165.0,"Apr 16, 2024"
2024-04-18 00:30:00-06:00,15.1,243.0,10.7,9.5,8.3,165.0,"Apr 16, 2024"
2024-04-18 00:45:00-06:00,13.3,244.0,10.6,9.5,8.3,165.0,"Apr 16, 2024"
2024-04-18 01:00:00-06:00,12.7,244.0,10.6,9.5,8.2,165.0,"Apr 16, 2024"
2024-04-18 01:15:00-06:00,20.0,244.0,10.5,9.6,8.2,163.0,"Apr 16, 2024"
2024-04-18 01:30:00-06:00,12.6,245.0,10.4,9.6,8.2,165.0,"Apr 16, 2024"
2024-04-18 01:45:00-06:00,13.8,245.0,10.3,9.7,8.2,165.0,"Apr 16, 2024"
2024-04-18 02:00:00-06:00,13.3,245.0,10.2,9.6,8.2,165.0,"Apr 16, 2024"
2024-04-18 02:15:00-06:00,15.4,246.0,10.1,9.7,8.2,165.0,"Apr 16, 2024"
2024-04-18 02:30:00-06:00,11.1,246.0,10.0,9.7,8.2,165.0,"Apr 16, 2024"
2024-04-18 02:45:00-06:00,12.2,246.0,9.9,9.7,8.2,165.0,"Apr 16, 2024"
2024-04-18 03:00:00-06:00,13.1,247.0,9.8,9.7,8.2,165.0,"Apr 16, 2024"
2024-04-18 03:15:00-06:00,10.2,247.0,9.6,9.8,8.2,165.0,"Apr 16, 2024"
2024-04-18 03:30:00-06:00,11.9,247.0,9.5,9.8,8.2,165.0,"Apr 16, 2024"
2024-04-18 03:45:00-06:00,11.1,247.0,9.4,9.8,8.2,165.0,"Apr 16, 2024"
2024-04-18 04:00:00-06:00,13.4,247.0,9.3,9.9,8.2,165.0,"Apr 16, 2024"
2024-04-18 04:15:00-06:00,10.2,248.0,9.2,9.9,8.2,165.0,"Apr 16, 2024"
2024-04-18 04:30:00-06:00,11.7,248.0,9.1,9.9,8.1,165.0,"Apr 16, 2024"
2024-04-18 04:45:00-06:00,14.1,248.0,9.0,9.9,8.1,165.0,"Apr 16, 2024"
2024-04-18 05:00:00-06:00,10.6,248.0,8.9,9.9,8.1,165.0,"Apr 16, 2024"
2024-04-18 05:15:00-06:00,15.5,248.0,8.8,10.0,8.1,165.0,"Apr 16, 2024"
2024-04-18 05:30:00-06:00,10.0,248.0,8.7,10.0,8.1,165.0,"Apr 16, 2024"
2024-04-18 05:45:00-06:00,11.0,248.0,8.6,10.1,8.1,165.0,"Apr 16, 2024"
2024-04-18 06:00:00-06:00,13.4,248.0,8.5,10.1,8.1,165.0,"Apr 16, 2024"
2024-04-18 06:15:00-06:00,10.3,248.0,8.4,10.1,8.1,165.0,"Apr 16, 2024"
2024-04-18 06:30:00-06:00,11.5,248.0,8.3,10.2,8.1,165.0,"Apr 16, 2024"
2024-04-18 06:45:00-06:00,11.0,248.0,8.2,10.2,8.1,165.0,"Apr 16, 2024"
2024-04-18 07:00:00-06:00,11.3,248.0,8.1,10.2,8.1,165.0,"Apr 16, 2024"
2024-04-18 07:15:00-06:00,11.1,248.0,8.0,10.2,8.1,165.0,"Apr 16, 2024"
2024-04-18 07:30:00-06:00,12.1,248.0,7.9,10.2,8.1,165.0,"Apr 16, 2024"
2024-04-18 07:45:00-06:00,13.8,247.0,7.8,10.3,8.1,167.0,"Apr 16, 2024"
2024-04-18 08:00:00-06:00,11.0,247.0,7.7,10.3,8.1,165.0,"Apr 16, 2024"
2024-04-18 08:15:00-06:00,9.6,247.0,7.7,10.3,8.1,165.0,"Apr 16, 2024"
2024-04-18 08:30:00-06:00,11.9,247.0,7.6,10.4,8.1,167.0,"Apr 16, 2024"
2024-04-18 08:45:00-06:00,10.5,246.0,7.5,10.4,8.1,165.0,"Apr 16, 2024"
2024-04-18 09:00:00-06:00,11.1,246.0,7.4,10.4,8.1,165.0,"Apr 16, 2024"
2024-04-18 09:15:00-06:00,10.2,245.0,7.4,10.5,8.2,165.0,"Apr 16, 2024"
2024-04-18 09:30:00-06:00,12.3,245.0,7.3,10.4,8.1,165.0,"Apr 16, 2024"
2024-04-18 09:45:00-06:00,15.3,245.0,7.3,10.4,8.2,165.0,"Apr 16, 2024"
2024-04-18 10:00:00-06:00,11.3,245.0,7.2,10.5,8.2,165.0,"Apr 16, 2024"
2024-04-18 10:15:00-06:00,19.1,245.0,7.2,10.5,8.1,165.0,"Apr 16, 2024"
2024-04-18 10:30:00-06:00,19.2,244.0,7.2,10.6,8.2,165.0,"Apr 16, 2024"
2024-04-18 10:45:00-06:00,16.7,244.0,7.2,10.5,8.2,165.0,"Apr 16, 2024"
2024-04-18 11:00:00-06:00,16.1,244.0,7.2,10.6,8.2,165.0,"Apr 16, 2024"
2024-04-18 11:15:00-06:00,14.6,243.0,7.2,10.6,8.2,165.0,"Apr 16, 2024"
2024-04-18 11:30:00-06:00,11.0,243.0,7.2,10.6,8.2,165.0,"Apr 16, 2024"
2024-04-18 11:45:00-06:00,15.8,243.0,7.2,10.6,8.2,165.0,"Apr 16, 2024"
2024-04-18 12:00:00-06:00,15.6,243.0,7.2,10.6,8.2,165.0,"Apr 16, 2024"
2024-04-18 12:15:00-06:00,11.6,243.0,7.2,10.6,8.2,167.0,"Apr 16, 2024"
2024-04-18 12:30:00-06:00,17.5,242.0,7.3,10.6,8.2,167.0,"Apr 16, 2024"
2024-04-18 12:45:00-06:00,11.8,242.0,7.3,10.5,8.3,167.0,"Apr 16, 2024"
2024-04-18 13:00:00-06:00,21.1,242.0,7.2,10.6,8.3,167.0,"Apr 16, 2024"
2024-04-18 13:15:00-06:00,16.7,242.0,7.2,10.6,8.3,167.0,"Apr 16, 2024"
2024-04-18 13:30:00-06:00,13.8,242.0,7.2,10.5,8.3,167.0,"Apr 16, 2024"
2024-04-18 13:45:00-06:00,12.0,241.0,7.2,10.6,8.3,167.0,"Apr 16, 2024"
2024-04-18 14:00:00-06:00,15.1,241.0,7.2,10.6,8.3,167.0,"Apr 16, 2024"
2024-04-18 14:15:00-06:00,15.9,240.0,7.2,10.6,8.3,167.0,"Apr 16, 2024"
2024-04-18 14:30:00-06:00,13.5,240.0,7.2,10.6,8.3,167.0,"Apr 16, 2024"
2024-04-18 14:45:00-06:00,15.1,240.0,7.2,10.6,8.3,167.0,"Apr 16, 2024"
2024-04-18 15:00:00-06:00,17.5,239.0,7.2,10.6,8.3,167.0,"Apr 16, 2024"
2024-04-18 15:15:00-06:00,18.8,239.0,7.2,10.5,8.3,167.0,"Apr 16, 2024"
2024-04-18 15:30:00-06:00,21.7,239.0,7.2,10.6,8.3,167.0,"Apr 16, 2024"
2024-04-18 15:45:00-06:00,15.8,238.0,7.2,10.6,8.3,167.0,"Apr 16, 2024"
2024-04-18 16:00:00-06:00,17.4,238.0,7.2,10.5,8.3,167.0,"Apr 16, 2024"
2024-04-18 16:15:00-06:00,12.1,237.0,7.2,10.6,8.3,167.0,"Apr 16, 2024"
2024-04-18 16:30:00-06:00,12.0,237.0,7.2,10.5,8.3,167.0,"Apr 16, 2024"
2024-04-18 16:45:00-06:00,15.3,237.0,7.2,10.5,8.3,167.0,"Apr 16, 2024"
